-- phpMyAdmin SQL Dump
-- version 4.1.14.8
-- http://www.phpmyadmin.net
--
-- Host: db647803189.db.1and1.com
-- Erstellungszeit: 07. Okt 2016 um 22:35
-- Server Version: 5.5.50-0+deb7u2-log
-- PHP-Version: 5.4.45-0+deb7u5

SET SQL_MODE = "NO_AUTO_VALUE_ON_ZERO";
SET time_zone = "+00:00";


/*!40101 SET @OLD_CHARACTER_SET_CLIENT=@@CHARACTER_SET_CLIENT */;
/*!40101 SET @OLD_CHARACTER_SET_RESULTS=@@CHARACTER_SET_RESULTS */;
/*!40101 SET @OLD_COLLATION_CONNECTION=@@COLLATION_CONNECTION */;
/*!40101 SET NAMES utf8 */;

--
-- Datenbank: `db647803189`
--

-- --------------------------------------------------------

--
-- Tabellenstruktur für Tabelle `answer`
--

CREATE TABLE IF NOT EXISTS `answer` (
  `id` int(11) NOT NULL AUTO_INCREMENT,
  `user_id` int(11) NOT NULL,
  `question_id` int(11) NOT NULL,
  `answer` varchar(255) COLLATE utf8_unicode_ci NOT NULL,
  PRIMARY KEY (`id`),
  KEY `FK_DADD4A251E27F6BF_idx` (`question_id`),
  KEY `FK_DADD4A25A76ED395_idx` (`user_id`)
) ENGINE=InnoDB  DEFAULT CHARSET=utf8 COLLATE=utf8_unicode_ci AUTO_INCREMENT=1814 ;

--
-- Daten für Tabelle `answer`
--

INSERT INTO `answer` (`id`, `user_id`, `question_id`, `answer`) VALUES
(1, 1, 1, 'a'),
(2, 1, 2, 'a'),
(3, 1, 3, 'a'),
(4, 1, 4, 'l'),
(5, 1, 5, 'l'),
(6, 1, 6, 'l'),
(7, 1, 7, 'l'),
(8, 1, 8, 'Thomas Tuchel'),
(9, 1, 9, 'Sieger'),
(10, 1, 10, 'Finale'),
(11, 1, 11, 'Halbfinale'),
(12, 1, 12, 'Viertelfinale'),
(13, 1, 13, 'Sieger'),
(14, 1, 14, 'Finale'),
(15, 1, 15, 'Vfl Denklingen'),
(16, 1, 16, '10'),
(17, 1, 17, '12'),
(18, 1, 18, 'l'),
(19, 1, 19, 'TSV Jesenwang'),
(20, 1, 20, '12'),
(21, 1, 21, '3'),
(22, 1, 22, 'l'),
(23, 1, 23, 'Eintracht Frankfurt'),
(24, 1, 24, 'Borussia Dortmund'),
(25, 1, 25, 'TSG 1899 Hoffenheim'),
(26, 1, 26, '1.FC Köln'),
(27, 1, 27, 'FC Augsburg'),
(28, 1, 28, 'Eintracht Frankfurt'),
(29, 1, 29, 'FC Ingolstadt'),
(30, 1, 30, 'SC Freiburg'),
(31, 1, 31, 'RB Leipzig'),
(32, 1, 32, 'Hannover 96'),
(33, 1, 33, 'Eintracht Braunschweig'),
(34, 1, 34, 'Fortuna Düsseldorf'),
(35, 1, 35, 'Vfl Bochum'),
(36, 1, 36, '1.FC Heidenheim'),
(37, 1, 37, 'TSV 1860 München'),
(38, 2, 1, 'Bayern'),
(39, 2, 2, 'Bayern'),
(40, 2, 3, 'Lewandowski'),
(41, 2, 4, 'Barca'),
(42, 2, 5, 'Juve'),
(43, 2, 6, 'Man city'),
(44, 2, 7, 'Psg'),
(45, 2, 8, 'Niko Kovac'),
(46, 2, 9, 'Finale'),
(47, 2, 10, 'Viertelfinale'),
(48, 2, 11, 'Achtelfinale'),
(49, 2, 12, 'Achtelfinale'),
(50, 2, 13, 'Achtelfinale'),
(51, 2, 14, 'Viertelfinale'),
(52, 2, 15, 'Vfl Denklingen'),
(53, 2, 16, '6'),
(54, 2, 17, '6'),
(55, 2, 18, 'Friedrich'),
(56, 2, 19, 'TSV Aufkirchen'),
(57, 2, 20, '8'),
(58, 2, 21, '8'),
(59, 2, 22, 'A.thiel'),
(60, 2, 23, 'FC Bayern München'),
(61, 2, 24, 'Borussia Dortmund'),
(62, 2, 25, 'Bayer Leverkusen'),
(63, 2, 26, 'Borussia Mönchengladbach'),
(64, 2, 27, 'FC Schalke 04'),
(65, 2, 28, 'Vfl Wolfsburg'),
(66, 2, 29, 'FC Ingolstadt'),
(67, 2, 30, 'Werder Bremen'),
(68, 2, 31, 'SV Darmstadt 98'),
(69, 2, 32, 'VfB Stuttgart'),
(70, 2, 33, 'Hannover 96'),
(71, 2, 34, 'Fortuna Düsseldorf'),
(72, 2, 35, 'FC Würzburger Kickers'),
(73, 2, 36, '1.FC Heidenheim'),
(74, 2, 37, 'Armina Bielefeld'),
(75, 3, 1, 'FC Bayern'),
(76, 3, 2, 'FC Barcelona'),
(77, 3, 3, 'Lewandowski'),
(78, 3, 4, 'FC Barcelona'),
(79, 3, 5, 'Juventus'),
(80, 3, 6, 'Manchester City'),
(81, 3, 7, 'Paris St. Germain'),
(82, 3, 8, 'Viktor Skripnik'),
(83, 3, 9, 'Halbfinale'),
(84, 3, 10, 'Halbfinale'),
(85, 3, 11, 'Achtelfinale'),
(86, 3, 12, 'Gruppenphase'),
(87, 3, 13, 'Sechzehntelfinale'),
(88, 3, 14, 'Viertelfinale'),
(89, 3, 15, 'Vfl Denklingen'),
(90, 3, 16, '6'),
(91, 3, 17, '7'),
(92, 3, 18, 'Friedrich Flo'),
(93, 3, 19, 'TSV Aufkirchen'),
(94, 3, 20, '8'),
(95, 3, 21, '8'),
(96, 3, 22, 'Thiel Alex'),
(97, 3, 23, 'FC Bayern München'),
(98, 3, 24, 'Borussia Dortmund'),
(99, 3, 25, 'Borussia Mönchengladbach'),
(100, 3, 26, 'Bayer Leverkusen'),
(101, 3, 27, 'Vfl Wolfsburg'),
(102, 3, 28, 'FC Schalke 04'),
(103, 3, 29, 'FC Augsburg'),
(104, 3, 30, 'SC Freiburg'),
(105, 3, 31, 'SV Darmstadt 98'),
(106, 3, 32, 'Hannover 96'),
(107, 3, 33, 'VfB Stuttgart'),
(108, 3, 34, 'Fortuna Düsseldorf'),
(109, 3, 35, 'Erzgebirge Aue'),
(110, 3, 36, 'Armina Bielefeld'),
(111, 3, 37, 'SV Sandhausen'),
(112, 4, 1, 'hhhg'),
(113, 4, 2, 'bub'),
(114, 4, 3, 'hug'),
(115, 4, 4, 'Real'),
(116, 4, 5, 'ich'),
(117, 4, 6, 'du'),
(118, 4, 7, 'ja'),
(119, 4, 8, 'Viktor Skripnik'),
(120, 4, 9, 'Sieger'),
(121, 4, 10, 'Finale'),
(122, 4, 11, 'Halbfinale'),
(123, 4, 12, 'Viertelfinale'),
(124, 4, 13, 'Erste Runde'),
(125, 4, 14, 'Sechzehntelfinale'),
(126, 4, 15, 'FC Aich'),
(127, 4, 16, '1'),
(128, 4, 17, '1'),
(129, 4, 18, 'happel'),
(130, 4, 19, 'FC Aich II'),
(131, 4, 20, '1'),
(132, 4, 21, '1'),
(133, 4, 22, 'hugo'),
(134, 4, 23, 'Borussia Dortmund'),
(135, 4, 24, 'Eintracht Frankfurt'),
(136, 4, 25, 'Werder Bremen'),
(137, 4, 26, 'FC Bayern München'),
(138, 4, 27, 'FC Bayern München'),
(139, 4, 28, 'FC Ingolstadt'),
(140, 4, 29, 'Hertha BSC Berlin'),
(141, 4, 30, 'Hamburger SV'),
(142, 4, 31, '1.FC Köln'),
(143, 4, 32, 'Hannover 96'),
(144, 4, 33, 'Eintracht Braunschweig'),
(145, 4, 34, 'Fortuna Düsseldorf'),
(146, 4, 35, 'Vfl Bochum'),
(147, 4, 36, '1.FC Heidenheim'),
(148, 4, 37, 'Erzgebirge Aue'),
(149, 5, 1, 'Dortmund'),
(150, 5, 2, 'FC Bayern München'),
(151, 5, 3, 'Rober Lewandowski'),
(152, 5, 4, 'FC Barcelona'),
(153, 5, 5, 'Juventus Turin'),
(154, 5, 6, 'Manchester United'),
(155, 5, 7, 'Paris'),
(156, 5, 8, 'Viktor Skripnik'),
(157, 5, 9, 'Sieger'),
(158, 5, 10, 'Halbfinale'),
(159, 5, 11, 'Achtelfinale'),
(160, 5, 12, 'Gruppenphase'),
(161, 5, 13, 'Achtelfinale'),
(162, 5, 14, 'Halbfinale'),
(163, 5, 15, 'SC Unterpfaffenhofen'),
(164, 5, 16, '9'),
(165, 5, 17, '9'),
(166, 5, 18, 'Friedrich'),
(167, 5, 19, 'SV Kottgeisering'),
(168, 5, 20, '8'),
(169, 5, 21, '8'),
(170, 5, 22, 'Alex Thiel'),
(171, 5, 23, 'FC Bayern München'),
(172, 5, 24, 'Borussia Dortmund'),
(173, 5, 25, 'Borussia Mönchengladbach'),
(174, 5, 26, 'Bayer Leverkusen'),
(175, 5, 27, 'FC Schalke 04'),
(176, 5, 28, 'FSV Mainz 05'),
(177, 5, 29, 'SC Freiburg'),
(178, 5, 30, 'Werder Bremen'),
(179, 5, 31, 'SV Darmstadt 98'),
(180, 5, 32, 'Hannover 96'),
(181, 5, 33, 'Eintracht Braunschweig'),
(182, 5, 34, '1.FC Nürnberg'),
(183, 5, 35, 'Armina Bielefeld'),
(184, 5, 36, '1.FC Union Berlin'),
(185, 5, 37, 'SV Sandhausen'),
(186, 6, 1, 'Bayern München'),
(187, 6, 2, 'Fc Barcelona'),
(188, 6, 3, 'Pierre-Emerick Aubameyang'),
(189, 6, 4, 'FC Barcelona'),
(190, 6, 5, 'Juventus Turin'),
(191, 6, 6, 'Man City'),
(192, 6, 7, 'Paris SG'),
(193, 6, 8, 'Viktor Skripnik'),
(194, 6, 9, 'Finale'),
(195, 6, 10, 'Achtelfinale'),
(196, 6, 11, 'Sechzehntelfinale'),
(197, 6, 12, 'Gruppenphase'),
(198, 6, 13, 'Gruppenphase'),
(199, 6, 14, 'Sechzehntelfinale'),
(200, 6, 15, 'FC Aich'),
(201, 6, 16, '3'),
(202, 6, 17, '1'),
(203, 6, 18, 'Flo Friedrich'),
(204, 6, 19, 'TSV Aufkirchen'),
(205, 6, 20, '5'),
(206, 6, 21, '6'),
(207, 6, 22, 'Christian Thiel'),
(208, 6, 23, 'FC Bayern München'),
(209, 6, 24, 'Borussia Dortmund'),
(210, 6, 25, 'Borussia Mönchengladbach'),
(211, 6, 26, 'TSG 1899 Hoffenheim'),
(212, 6, 27, 'FC Schalke 04'),
(213, 6, 28, 'Bayer Leverkusen'),
(214, 6, 29, 'Werder Bremen'),
(215, 6, 30, 'FC Ingolstadt'),
(216, 6, 31, 'SV Darmstadt 98'),
(217, 6, 32, 'VfB Stuttgart'),
(218, 6, 33, 'Hannover 96'),
(219, 6, 34, 'Eintracht Braunschweig'),
(220, 6, 35, 'FC Würzburger Kickers'),
(221, 6, 36, 'Erzgebirge Aue'),
(222, 6, 37, 'Armina Bielefeld'),
(223, 7, 1, 'BVB'),
(224, 7, 2, 'FC Barcelona'),
(225, 7, 3, 'Lewandowski'),
(226, 7, 4, 'Real Madrid'),
(227, 7, 5, 'Juventus'),
(228, 7, 6, 'Man City'),
(229, 7, 7, 'Paris SG'),
(230, 7, 8, 'Norbert Meier'),
(231, 7, 9, 'Halbfinale'),
(232, 7, 10, 'Viertelfinale'),
(233, 7, 11, 'Achtelfinale'),
(234, 7, 12, 'Sechzehntelfinale'),
(235, 7, 13, 'Gruppenphase'),
(236, 7, 14, 'Achtelfinale'),
(237, 7, 15, 'Vfl Denklingen'),
(238, 7, 16, '7'),
(239, 7, 17, '5'),
(240, 7, 18, 'Florian Friedrich'),
(241, 7, 19, 'TSV Aufkirchen'),
(242, 7, 20, '10'),
(243, 7, 21, '10'),
(244, 7, 22, 'Alexander Thiel'),
(245, 7, 23, 'FC Bayern München'),
(246, 7, 24, 'Borussia Dortmund'),
(247, 7, 25, 'Bayer Leverkusen'),
(248, 7, 26, 'FC Schalke 04'),
(249, 7, 27, 'TSG 1899 Hoffenheim'),
(250, 7, 28, 'SC Freiburg'),
(251, 7, 29, 'Werder Bremen'),
(252, 7, 30, 'RB Leipzig'),
(253, 7, 31, 'SV Darmstadt 98'),
(254, 7, 32, 'Hannover 96'),
(255, 7, 33, 'TSV 1860 München'),
(256, 7, 34, 'VfB Stuttgart'),
(257, 7, 35, 'Dynamo Dresden'),
(258, 7, 36, 'SV Sandhausen'),
(259, 7, 37, 'Erzgebirge Aue'),
(260, 8, 1, 'BvB'),
(261, 8, 2, 'BvB'),
(262, 8, 3, ' Pierre-Emerick Aubameyang '),
(263, 8, 4, 'Real Madrid'),
(264, 8, 5, 'Juventus Turin'),
(265, 8, 6, 'Manchester City'),
(266, 8, 7, 'PSG'),
(267, 8, 8, 'Bruno Labbadia'),
(268, 8, 9, 'Halbfinale'),
(269, 8, 10, 'Sieger'),
(270, 8, 11, 'Erste Runde'),
(271, 8, 12, 'Erste Runde'),
(272, 8, 13, 'Erste Runde'),
(273, 8, 14, 'Sechzehntelfinale'),
(274, 8, 15, 'FC Aich'),
(275, 8, 16, '1'),
(276, 8, 17, '1'),
(277, 8, 18, 'Nemecek Sebastian'),
(278, 8, 19, 'FC Aich II'),
(279, 8, 20, '1'),
(280, 8, 21, '1'),
(281, 8, 22, 'Alexander Thiel'),
(282, 8, 23, 'Borussia Dortmund'),
(283, 8, 24, 'FC Bayern München'),
(284, 8, 25, 'Borussia Mönchengladbach'),
(285, 8, 26, 'Bayer Leverkusen'),
(286, 8, 27, 'FC Schalke 04'),
(287, 8, 28, 'Vfl Wolfsburg'),
(288, 8, 29, 'Hamburger SV'),
(289, 8, 30, 'TSG 1899 Hoffenheim'),
(290, 8, 31, 'SV Darmstadt 98'),
(291, 8, 32, 'VfB Stuttgart'),
(292, 8, 33, 'Hannover 96'),
(293, 8, 34, 'Dynamo Dresden'),
(294, 8, 35, 'TSV 1860 München'),
(295, 8, 36, 'Karlsruher SC'),
(296, 8, 37, 'FC Würzburger Kickers'),
(297, 9, 1, 'Bayern'),
(298, 9, 2, 'Bayern'),
(299, 9, 3, 'Lewandowski'),
(300, 9, 4, 'Real Madrid'),
(301, 9, 5, 'Juventus Turin'),
(302, 9, 6, 'Manchester City'),
(303, 9, 7, 'Olymp. Lion'),
(304, 9, 8, 'Viktor Skripnik'),
(305, 9, 9, 'Sieger'),
(306, 9, 10, 'Achtelfinale'),
(307, 9, 11, 'Sechzehntelfinale'),
(308, 9, 12, 'Gruppenphase'),
(309, 9, 13, 'Erste Runde'),
(310, 9, 14, 'Gruppenphase'),
(311, 9, 15, 'Vfl Denklingen'),
(312, 9, 16, '3'),
(313, 9, 17, '12'),
(314, 9, 18, 'Friedrich'),
(315, 9, 19, 'TSV Aufkirchen'),
(316, 9, 20, '10'),
(317, 9, 21, '12'),
(318, 9, 22, 'Thiel Alex'),
(319, 9, 23, 'FC Bayern München'),
(320, 9, 24, 'Borussia Mönchengladbach'),
(321, 9, 25, 'Borussia Dortmund'),
(322, 9, 26, 'Bayer Leverkusen'),
(323, 9, 27, 'Vfl Wolfsburg'),
(324, 9, 28, 'RB Leipzig'),
(325, 9, 29, 'FC Augsburg'),
(326, 9, 30, 'SV Darmstadt 98'),
(327, 9, 31, 'Werder Bremen'),
(328, 9, 32, 'Hannover 96'),
(329, 9, 33, 'Eintracht Braunschweig'),
(330, 9, 34, 'VfB Stuttgart'),
(331, 9, 35, '1.FC St.Pauli'),
(332, 9, 36, 'SV Sandhausen'),
(333, 9, 37, '1.FC Heidenheim'),
(334, 10, 1, 'Fc Bayer'),
(335, 10, 2, 'Fc Bayern'),
(336, 10, 3, 'Lewandowski'),
(337, 10, 4, 'Barcelona'),
(338, 10, 5, 'Juventus Turin'),
(339, 10, 6, 'FC Liverpool'),
(340, 10, 7, 'PSG'),
(341, 10, 8, 'Viktor Skripnik'),
(342, 10, 9, 'Halbfinale'),
(343, 10, 10, 'Viertelfinale'),
(344, 10, 11, 'Achtelfinale'),
(345, 10, 12, 'Achtelfinale'),
(346, 10, 13, 'Gruppenphase'),
(347, 10, 14, 'Achtelfinale'),
(348, 10, 15, 'Vfl Denklingen'),
(349, 10, 16, '6'),
(350, 10, 17, '8'),
(351, 10, 18, 'Friedrich Florian'),
(352, 10, 19, 'TSV Aufkirchen'),
(353, 10, 20, '9'),
(354, 10, 21, '8'),
(355, 10, 22, 'Alex Thiel'),
(356, 10, 23, 'FC Bayern München'),
(357, 10, 24, 'Borussia Dortmund'),
(358, 10, 25, 'Borussia Mönchengladbach'),
(359, 10, 26, 'Bayer Leverkusen'),
(360, 10, 27, 'Hertha BSC Berlin'),
(361, 10, 28, '1.FC Köln'),
(362, 10, 29, 'FC Ingolstadt'),
(363, 10, 30, 'Werder Bremen'),
(364, 10, 31, 'SV Darmstadt 98'),
(365, 10, 32, 'Hannover 96'),
(366, 10, 33, 'Eintracht Braunschweig'),
(367, 10, 34, 'VfB Stuttgart'),
(368, 10, 35, '1.FC Heidenheim'),
(369, 10, 36, '1.FC Union Berlin'),
(370, 10, 37, 'FC Würzburger Kickers'),
(371, 11, 1, 'Fc Bayer'),
(372, 11, 2, 'Fc Bayern'),
(373, 11, 3, 'Lewandowski'),
(374, 11, 4, 'Barcelona'),
(375, 11, 5, 'Juventus Turin'),
(376, 11, 6, 'FC Liverpool'),
(377, 11, 7, 'Olympia Marseille '),
(378, 11, 8, 'Viktor Skripnik'),
(379, 11, 9, 'Halbfinale'),
(380, 11, 10, 'Viertelfinale'),
(381, 11, 11, 'Achtelfinale'),
(382, 11, 12, 'Achtelfinale'),
(383, 11, 13, 'Gruppenphase'),
(384, 11, 14, 'Achtelfinale'),
(385, 11, 15, 'Vfl Denklingen'),
(386, 11, 16, '6'),
(387, 11, 17, '8'),
(388, 11, 18, 'Friedrich Florian'),
(389, 11, 19, 'TSV Aufkirchen'),
(390, 11, 20, '9'),
(391, 11, 21, '8'),
(392, 11, 22, 'Alex Thiel'),
(393, 11, 23, 'FC Bayern München'),
(394, 11, 24, 'Borussia Dortmund'),
(395, 11, 25, 'Borussia Mönchengladbach'),
(396, 11, 26, 'Bayer Leverkusen'),
(397, 11, 27, 'Hertha BSC Berlin'),
(398, 11, 28, '1.FC Köln'),
(399, 11, 29, 'FC Ingolstadt'),
(400, 11, 30, 'Werder Bremen'),
(401, 11, 31, 'SV Darmstadt 98'),
(402, 11, 32, 'Hannover 96'),
(403, 11, 33, 'Eintracht Braunschweig'),
(404, 11, 34, 'VfB Stuttgart'),
(405, 11, 35, '1.FC Heidenheim'),
(406, 11, 36, '1.FC Union Berlin'),
(407, 11, 37, 'FC Würzburger Kickers'),
(408, 12, 1, 'Fc Bayer'),
(409, 12, 2, 'Fc Bayern'),
(410, 12, 3, 'Lewandowski'),
(411, 12, 4, 'Barcelona'),
(412, 12, 5, 'Juventus Turin'),
(413, 12, 6, 'FC Liverpool'),
(414, 12, 7, 'Olympia Marseille '),
(415, 12, 8, 'Viktor Skripnik'),
(416, 12, 9, 'Halbfinale'),
(417, 12, 10, 'Viertelfinale'),
(418, 12, 11, 'Achtelfinale'),
(419, 12, 12, 'Achtelfinale'),
(420, 12, 13, 'Gruppenphase'),
(421, 12, 14, 'Achtelfinale'),
(422, 12, 15, 'Vfl Denklingen'),
(423, 12, 16, '6'),
(424, 12, 17, '8'),
(425, 12, 18, 'Friedrich Florian'),
(426, 12, 19, 'TSV Aufkirchen'),
(427, 12, 20, '9'),
(428, 12, 21, '8'),
(429, 12, 22, 'Alex Thiel'),
(430, 12, 23, 'FC Bayern München'),
(431, 12, 24, 'Borussia Dortmund'),
(432, 12, 25, 'Borussia Mönchengladbach'),
(433, 12, 26, 'Bayer Leverkusen'),
(434, 12, 27, 'Hertha BSC Berlin'),
(435, 12, 28, '1.FC Köln'),
(436, 12, 29, 'FC Ingolstadt'),
(437, 12, 30, 'Werder Bremen'),
(438, 12, 31, 'SV Darmstadt 98'),
(439, 12, 32, 'Hannover 96'),
(440, 12, 33, 'Eintracht Braunschweig'),
(441, 12, 34, 'VfB Stuttgart'),
(442, 12, 35, '1.FC Heidenheim'),
(443, 12, 36, '1.FC Union Berlin'),
(444, 12, 37, 'FC Würzburger Kickers'),
(445, 13, 1, 'Fc Bayer'),
(446, 13, 2, 'Fc Bayern'),
(447, 13, 3, 'Lewandowski'),
(448, 13, 4, 'Barcelona'),
(449, 13, 5, 'Juventus Turin'),
(450, 13, 6, 'FC Liverpool'),
(451, 13, 7, 'Olympia Marseille '),
(452, 13, 8, 'Viktor Skripnik'),
(453, 13, 9, 'Halbfinale'),
(454, 13, 10, 'Viertelfinale'),
(455, 13, 11, 'Achtelfinale'),
(456, 13, 12, 'Achtelfinale'),
(457, 13, 13, 'Gruppenphase'),
(458, 13, 14, 'Achtelfinale'),
(459, 13, 15, 'Vfl Denklingen'),
(460, 13, 16, '6'),
(461, 13, 17, '8'),
(462, 13, 18, 'Friedrich Florian'),
(463, 13, 19, 'TSV Aufkirchen'),
(464, 13, 20, '9'),
(465, 13, 21, '8'),
(466, 13, 22, 'Alex Thiel'),
(467, 13, 23, 'FC Bayern München'),
(468, 13, 24, 'Borussia Dortmund'),
(469, 13, 25, 'Borussia Mönchengladbach'),
(470, 13, 26, 'Bayer Leverkusen'),
(471, 13, 27, 'Hertha BSC Berlin'),
(472, 13, 28, '1.FC Köln'),
(473, 13, 29, 'FC Ingolstadt'),
(474, 13, 30, 'Werder Bremen'),
(475, 13, 31, 'SV Darmstadt 98'),
(476, 13, 32, 'Hannover 96'),
(477, 13, 33, 'Eintracht Braunschweig'),
(478, 13, 34, 'VfB Stuttgart'),
(479, 13, 35, '1.FC Heidenheim'),
(480, 13, 36, '1.FC Union Berlin'),
(481, 13, 37, 'FC Würzburger Kickers'),
(482, 14, 1, 'Fc Bayer'),
(483, 14, 2, 'Fc Bayern'),
(484, 14, 3, 'Lewandowski'),
(485, 14, 4, 'Barcelona'),
(486, 14, 5, 'Juventus Turin'),
(487, 14, 6, 'FC Liverpool'),
(488, 14, 7, 'Olympia Marseille '),
(489, 14, 8, 'Viktor Skripnik'),
(490, 14, 9, 'Halbfinale'),
(491, 14, 10, 'Viertelfinale'),
(492, 14, 11, 'Achtelfinale'),
(493, 14, 12, 'Achtelfinale'),
(494, 14, 13, 'Gruppenphase'),
(495, 14, 14, 'Achtelfinale'),
(496, 14, 15, 'Vfl Denklingen'),
(497, 14, 16, '6'),
(498, 14, 17, '8'),
(499, 14, 18, 'Friedrich Florian'),
(500, 14, 19, 'TSV Aufkirchen'),
(501, 14, 20, '9'),
(502, 14, 21, '8'),
(503, 14, 22, 'Alex Thiel'),
(504, 14, 23, 'FC Bayern München'),
(505, 14, 24, 'Borussia Dortmund'),
(506, 14, 25, 'Borussia Mönchengladbach'),
(507, 14, 26, 'Bayer Leverkusen'),
(508, 14, 27, 'Hertha BSC Berlin'),
(509, 14, 28, '1.FC Köln'),
(510, 14, 29, 'FC Ingolstadt'),
(511, 14, 30, 'Werder Bremen'),
(512, 14, 31, 'SV Darmstadt 98'),
(513, 14, 32, 'Hannover 96'),
(514, 14, 33, 'Eintracht Braunschweig'),
(515, 14, 34, 'VfB Stuttgart'),
(516, 14, 35, '1.FC Heidenheim'),
(517, 14, 36, '1.FC Union Berlin'),
(518, 14, 37, 'FC Würzburger Kickers'),
(519, 15, 1, 'FC Bayern '),
(520, 15, 2, 'FC Barcenola '),
(521, 15, 3, 'Lewandowski '),
(522, 15, 4, 'FC Barcelona '),
(523, 15, 5, 'Juventus Turin'),
(524, 15, 6, 'Manchester City '),
(525, 15, 7, 'PSG '),
(526, 15, 8, 'Viktor Skripnik'),
(527, 15, 9, 'Halbfinale'),
(528, 15, 10, 'Viertelfinale'),
(529, 15, 11, 'Achtelfinale'),
(530, 15, 12, 'Gruppenphase'),
(531, 15, 13, 'Sechzehntelfinale'),
(532, 15, 14, 'Viertelfinale'),
(533, 15, 15, 'Vfl Denklingen'),
(534, 15, 16, '6'),
(535, 15, 17, '6'),
(536, 15, 18, 'Friedrich '),
(537, 15, 19, 'TSV Aufkirchen'),
(538, 15, 20, '8'),
(539, 15, 21, '8'),
(540, 15, 22, 'Thiel A. '),
(541, 15, 23, 'FC Bayern München'),
(542, 15, 24, 'Borussia Dortmund'),
(543, 15, 25, 'Vfl Wolfsburg'),
(544, 15, 26, 'Borussia Mönchengladbach'),
(545, 15, 27, 'FC Schalke 04'),
(546, 15, 28, 'Bayer Leverkusen'),
(547, 15, 29, 'FC Ingolstadt'),
(548, 15, 30, 'SC Freiburg'),
(549, 15, 31, 'SV Darmstadt 98'),
(550, 15, 32, 'Hannover 96'),
(551, 15, 33, 'VfB Stuttgart'),
(552, 15, 34, 'Eintracht Braunschweig'),
(553, 15, 35, '1.FC Heidenheim'),
(554, 15, 36, 'FC Würzburger Kickers'),
(555, 15, 37, 'Armina Bielefeld'),
(556, 16, 1, 'Bayern'),
(557, 16, 2, 'Bayern'),
(558, 16, 3, 'Lewandowski'),
(559, 16, 4, 'Real'),
(560, 16, 5, 'Juve'),
(561, 16, 6, 'ManU'),
(562, 16, 7, 'PSG'),
(563, 16, 8, 'Viktor Skripnik'),
(564, 16, 9, 'Sieger'),
(565, 16, 10, 'Viertelfinale'),
(566, 16, 11, 'Viertelfinale'),
(567, 16, 12, 'Gruppenphase'),
(568, 16, 13, 'Erste Runde'),
(569, 16, 14, 'Viertelfinale'),
(570, 16, 15, 'SV Mammendorf'),
(571, 16, 16, '3'),
(572, 16, 17, '3'),
(573, 16, 18, 'Flo Friedrich '),
(574, 16, 19, 'TSV Aufkirchen'),
(575, 16, 20, '13'),
(576, 16, 21, '12'),
(577, 16, 22, 'Alex Thiel'),
(578, 16, 23, 'FC Bayern München'),
(579, 16, 24, 'Borussia Dortmund'),
(580, 16, 25, 'Bayer Leverkusen'),
(581, 16, 26, 'Borussia Mönchengladbach'),
(582, 16, 27, 'FC Schalke 04'),
(583, 16, 28, 'Vfl Wolfsburg'),
(584, 16, 29, 'FC Ingolstadt'),
(585, 16, 30, 'Werder Bremen'),
(586, 16, 31, 'SV Darmstadt 98'),
(587, 16, 32, 'Hannover 96'),
(588, 16, 33, 'VfB Stuttgart'),
(589, 16, 34, 'TSV 1860 München'),
(590, 16, 35, 'Erzgebirge Aue'),
(591, 16, 36, 'FC Würzburger Kickers'),
(592, 16, 37, 'SV Sandhausen'),
(593, 17, 1, 'FC Bayern München'),
(594, 17, 2, 'FC Bayern München'),
(595, 17, 3, 'Robert Lewandowski'),
(596, 17, 4, 'FC Barcelona'),
(597, 17, 5, 'Juventus Turin'),
(598, 17, 6, 'Manchester United'),
(599, 17, 7, 'AS Monaco'),
(600, 17, 8, 'Viktor Skripnik'),
(601, 17, 9, 'Sieger'),
(602, 17, 10, 'Halbfinale'),
(603, 17, 11, 'Achtelfinale'),
(604, 17, 12, 'Achtelfinale'),
(605, 17, 13, 'Gruppenphase'),
(606, 17, 14, 'Viertelfinale'),
(607, 17, 15, 'SV Mammendorf'),
(608, 17, 16, '5'),
(609, 17, 17, '4'),
(610, 17, 18, 'Flo Friedrich'),
(611, 17, 19, 'TSV Aufkirchen'),
(612, 17, 20, '9'),
(613, 17, 21, '8'),
(614, 17, 22, 'Alex Thiel'),
(615, 17, 23, 'FC Bayern München'),
(616, 17, 24, 'Borussia Dortmund'),
(617, 17, 25, 'Borussia Mönchengladbach'),
(618, 17, 26, 'Bayer Leverkusen'),
(619, 17, 27, 'Vfl Wolfsburg'),
(620, 17, 28, 'FC Schalke 04'),
(621, 17, 29, 'SV Darmstadt 98'),
(622, 17, 30, 'TSG 1899 Hoffenheim'),
(623, 17, 31, 'Werder Bremen'),
(624, 17, 32, 'Eintracht Braunschweig'),
(625, 17, 33, 'Hannover 96'),
(626, 17, 34, 'VfB Stuttgart'),
(627, 17, 35, 'Armina Bielefeld'),
(628, 17, 36, 'SV Sandhausen'),
(629, 17, 37, '1.FC St.Pauli'),
(630, 18, 1, 'Dortmund'),
(631, 18, 2, 'FC Barcelona'),
(632, 18, 3, 'Lewandowski'),
(633, 18, 4, 'Real Madrid'),
(634, 18, 5, 'Juventus Turin'),
(635, 18, 6, 'Chelsea'),
(636, 18, 7, 'PSG'),
(637, 18, 8, 'Viktor Skripnik'),
(638, 18, 9, 'Halbfinale'),
(639, 18, 10, 'Viertelfinale'),
(640, 18, 11, 'Viertelfinale'),
(641, 18, 12, 'Gruppenphase'),
(642, 18, 13, 'Sechzehntelfinale'),
(643, 18, 14, 'Viertelfinale'),
(644, 18, 15, 'Vfl Denklingen'),
(645, 18, 16, '4'),
(646, 18, 17, '5'),
(647, 18, 18, 'Friedrich Florian'),
(648, 18, 19, 'TSV Aufkirchen'),
(649, 18, 20, '6'),
(650, 18, 21, '6'),
(651, 18, 22, 'Thiel Alex'),
(652, 18, 23, 'Borussia Dortmund'),
(653, 18, 24, 'FC Bayern München'),
(654, 18, 25, 'Vfl Wolfsburg'),
(655, 18, 26, 'Bayer Leverkusen'),
(656, 18, 27, 'Borussia Mönchengladbach'),
(657, 18, 28, 'FC Schalke 04'),
(658, 18, 29, 'FC Ingolstadt'),
(659, 18, 30, 'SV Darmstadt 98'),
(660, 18, 31, 'SC Freiburg'),
(661, 18, 32, 'VfB Stuttgart'),
(662, 18, 33, 'Hannover 96'),
(663, 18, 34, 'Eintracht Braunschweig'),
(664, 18, 35, '1.FC Heidenheim'),
(665, 18, 36, 'Armina Bielefeld'),
(666, 18, 37, 'FC Würzburger Kickers'),
(667, 19, 1, 'Bayern München'),
(668, 19, 2, 'Bayern München'),
(669, 19, 3, 'Robert Lewandowski'),
(670, 19, 4, 'FC Barcelona'),
(671, 19, 5, 'Juventus Turin'),
(672, 19, 6, 'Manchester City'),
(673, 19, 7, 'PSG'),
(674, 19, 8, 'Viktor Skripnik'),
(675, 19, 9, 'Sieger'),
(676, 19, 10, 'Halbfinale'),
(677, 19, 11, 'Achtelfinale'),
(678, 19, 12, 'Gruppenphase'),
(679, 19, 13, 'Gruppenphase'),
(680, 19, 14, 'Viertelfinale'),
(681, 19, 15, 'TSV Peiting'),
(682, 19, 16, '8'),
(683, 19, 17, '10'),
(684, 19, 18, 'Florian Friedrich'),
(685, 19, 19, 'TSV Aufkirchen'),
(686, 19, 20, '11'),
(687, 19, 21, '12'),
(688, 19, 22, 'Wolfgang Reinhardt'),
(689, 19, 23, 'FC Bayern München'),
(690, 19, 24, 'Borussia Dortmund'),
(691, 19, 25, 'Bayer Leverkusen'),
(692, 19, 26, 'FC Schalke 04'),
(693, 19, 27, 'Borussia Mönchengladbach'),
(694, 19, 28, 'RB Leipzig'),
(695, 19, 29, 'SC Freiburg'),
(696, 19, 30, 'Werder Bremen'),
(697, 19, 31, 'SV Darmstadt 98'),
(698, 19, 32, 'VfB Stuttgart'),
(699, 19, 33, 'Hannover 96'),
(700, 19, 34, 'Eintracht Braunschweig'),
(701, 19, 35, '1.FC St.Pauli'),
(702, 19, 36, 'Armina Bielefeld'),
(703, 19, 37, 'SV Sandhausen'),
(704, 20, 1, 'FC Bayern München'),
(705, 20, 2, 'Real Madrid'),
(706, 20, 3, 'Lewandowski'),
(707, 20, 4, 'Barcelona'),
(708, 20, 5, 'Juventus Turin'),
(709, 20, 6, 'Manchester City'),
(710, 20, 7, 'Paris Saint German'),
(711, 20, 8, 'Viktor Skripnik'),
(712, 20, 9, 'Halbfinale'),
(713, 20, 10, 'Achtelfinale'),
(714, 20, 11, 'Achtelfinale'),
(715, 20, 12, 'Achtelfinale'),
(716, 20, 13, 'Gruppenphase'),
(717, 20, 14, 'Sechzehntelfinale'),
(718, 20, 15, 'FC Penzing'),
(719, 20, 16, '5'),
(720, 20, 17, '6'),
(721, 20, 18, 'F. Friedrich'),
(722, 20, 19, 'TSV Aufkirchen'),
(723, 20, 20, '11'),
(724, 20, 21, '10'),
(725, 20, 22, 'Thiel Alex'),
(726, 20, 23, 'FC Bayern München'),
(727, 20, 24, 'Borussia Dortmund'),
(728, 20, 25, 'Borussia Mönchengladbach'),
(729, 20, 26, 'Bayer Leverkusen'),
(730, 20, 27, 'FC Schalke 04'),
(731, 20, 28, '1.FC Köln'),
(732, 20, 29, 'FC Ingolstadt'),
(733, 20, 30, 'SC Freiburg'),
(734, 20, 31, 'RB Leipzig'),
(735, 20, 32, 'Hannover 96'),
(736, 20, 33, 'VfB Stuttgart'),
(737, 20, 34, 'TSV 1860 München'),
(738, 20, 35, 'Dynamo Dresden'),
(739, 20, 36, 'SV Sandhausen'),
(740, 20, 37, 'Erzgebirge Aue'),
(741, 21, 1, 'Bayer Leverkusen'),
(742, 21, 2, 'Bayern München'),
(743, 21, 3, 'Lewandowski'),
(744, 21, 4, 'Real Madrid'),
(745, 21, 5, 'Juventus Turin'),
(746, 21, 6, 'FC Chelsea'),
(747, 21, 7, 'Paris St.Germain'),
(748, 21, 8, 'Viktor Skripnik'),
(749, 21, 9, 'Sieger'),
(750, 21, 10, 'Viertelfinale'),
(751, 21, 11, 'Achtelfinale'),
(752, 21, 12, 'Achtelfinale'),
(753, 21, 13, 'Sechzehntelfinale'),
(754, 21, 14, 'Achtelfinale'),
(755, 21, 15, 'SV Mammendorf'),
(756, 21, 16, '3'),
(757, 21, 17, '2'),
(758, 21, 18, 'Florian Friedrich'),
(759, 21, 19, 'TSV Aufkirchen'),
(760, 21, 20, '8'),
(761, 21, 21, '8'),
(762, 21, 22, 'Alex Thiel'),
(763, 21, 23, 'FC Bayern München'),
(764, 21, 24, 'Borussia Dortmund'),
(765, 21, 25, 'Borussia Mönchengladbach'),
(766, 21, 26, 'FC Schalke 04'),
(767, 21, 27, 'Bayer Leverkusen'),
(768, 21, 28, 'RB Leipzig'),
(769, 21, 29, 'Werder Bremen'),
(770, 21, 30, 'FC Ingolstadt'),
(771, 21, 31, 'SV Darmstadt 98'),
(772, 21, 32, 'Hannover 96'),
(773, 21, 33, 'VfB Stuttgart'),
(774, 21, 34, 'Eintracht Braunschweig'),
(775, 21, 35, 'FC Würzburger Kickers'),
(776, 21, 36, 'SV Sandhausen'),
(777, 21, 37, 'Erzgebirge Aue'),
(778, 22, 1, 'Borussia Dortmund'),
(779, 22, 2, 'Real Madrid'),
(780, 22, 3, 'Lewandowski'),
(781, 22, 4, 'CF Barcelona'),
(782, 22, 5, 'Sampdoria Genua'),
(783, 22, 6, 'Manchester United'),
(784, 22, 7, 'OGC Nizza'),
(785, 22, 8, 'Viktor Skripnik'),
(786, 22, 9, 'Halbfinale'),
(787, 22, 10, 'Viertelfinale'),
(788, 22, 11, 'Achtelfinale'),
(789, 22, 12, 'Gruppenphase'),
(790, 22, 13, 'Achtelfinale'),
(791, 22, 14, 'Viertelfinale'),
(792, 22, 15, 'TSV Peiting'),
(793, 22, 16, '4'),
(794, 22, 17, '3'),
(795, 22, 18, 'Florian Friedrich'),
(796, 22, 19, 'TSV Türkenfeld'),
(797, 22, 20, '9'),
(798, 22, 21, '9'),
(799, 22, 22, 'Alex Thiel'),
(800, 22, 23, 'FC Bayern München'),
(801, 22, 24, 'Borussia Mönchengladbach'),
(802, 22, 25, 'Borussia Dortmund'),
(803, 22, 26, 'RB Leipzig'),
(804, 22, 27, 'Bayer Leverkusen'),
(805, 22, 28, 'FC Schalke 04'),
(806, 22, 29, 'FC Augsburg'),
(807, 22, 30, 'FC Ingolstadt'),
(808, 22, 31, 'SV Darmstadt 98'),
(809, 22, 32, 'VfB Stuttgart'),
(810, 22, 33, 'Hannover 96'),
(811, 22, 34, 'Eintracht Braunschweig'),
(812, 22, 35, 'Karlsruher SC'),
(813, 22, 36, '1.FC St.Pauli'),
(814, 22, 37, 'SV Sandhausen'),
(815, 23, 1, 'Bayern'),
(816, 23, 2, 'Bayern'),
(817, 23, 3, 'Lewandowski'),
(818, 23, 4, 'Barca'),
(819, 23, 5, 'Juve'),
(820, 23, 6, 'Man City'),
(821, 23, 7, 'PSG'),
(822, 23, 8, 'Viktor Skripnik'),
(823, 23, 9, 'Finale'),
(824, 23, 10, 'Viertelfinale'),
(825, 23, 11, 'Viertelfinale'),
(826, 23, 12, 'Gruppenphase'),
(827, 23, 13, 'Viertelfinale'),
(828, 23, 14, 'Viertelfinale'),
(829, 23, 15, 'SV Mammendorf'),
(830, 23, 16, '5'),
(831, 23, 17, '6'),
(832, 23, 18, 'Friedrich'),
(833, 23, 19, 'TSV Aufkirchen'),
(834, 23, 20, '8'),
(835, 23, 21, '8'),
(836, 23, 22, 'A.Thiel'),
(837, 23, 23, 'FC Bayern München'),
(838, 23, 24, 'Borussia Dortmund'),
(839, 23, 25, 'Borussia Mönchengladbach'),
(840, 23, 26, 'Bayer Leverkusen'),
(841, 23, 27, 'FC Schalke 04'),
(842, 23, 28, 'Vfl Wolfsburg'),
(843, 23, 29, 'Werder Bremen'),
(844, 23, 30, 'FC Ingolstadt'),
(845, 23, 31, 'SV Darmstadt 98'),
(846, 23, 32, 'Hannover 96'),
(847, 23, 33, 'VfB Stuttgart'),
(848, 23, 34, 'Eintracht Braunschweig'),
(849, 23, 35, 'Armina Bielefeld'),
(850, 23, 36, 'SV Sandhausen'),
(851, 23, 37, 'Erzgebirge Aue'),
(852, 24, 1, 'FCB'),
(853, 24, 2, 'FCB'),
(854, 24, 3, 'Lewa'),
(855, 24, 4, 'Real'),
(856, 24, 5, 'Juve'),
(857, 24, 6, 'City'),
(858, 24, 7, 'PSG'),
(859, 24, 8, 'Viktor Skripnik'),
(860, 24, 9, 'Sieger'),
(861, 24, 10, 'Halbfinale'),
(862, 24, 11, 'Achtelfinale'),
(863, 24, 12, 'Sechzehntelfinale'),
(864, 24, 13, 'Viertelfinale'),
(865, 24, 14, 'Halbfinale'),
(866, 24, 15, 'Vfl Denklingen'),
(867, 24, 16, '5'),
(868, 24, 17, '4'),
(869, 24, 18, 'Friedrich'),
(870, 24, 19, 'TSV Aufkirchen'),
(871, 24, 20, '8'),
(872, 24, 21, '7'),
(873, 24, 22, 'Alex'),
(874, 24, 23, 'FC Bayern München'),
(875, 24, 24, 'Borussia Dortmund'),
(876, 24, 25, 'Bayer Leverkusen'),
(877, 24, 26, 'FC Schalke 04'),
(878, 24, 27, 'TSG 1899 Hoffenheim'),
(879, 24, 28, 'Borussia Mönchengladbach'),
(880, 24, 29, 'FC Ingolstadt'),
(881, 24, 30, 'SV Darmstadt 98'),
(882, 24, 31, 'SC Freiburg'),
(883, 24, 32, 'Hannover 96'),
(884, 24, 33, 'VfB Stuttgart'),
(885, 24, 34, 'Vfl Bochum'),
(886, 24, 35, 'Karlsruher SC'),
(887, 24, 36, '1.FC St.Pauli'),
(888, 24, 37, 'SV Sandhausen'),
(889, 25, 1, 'Fc Bayern'),
(890, 25, 2, 'Fc Bayern'),
(891, 25, 3, 'Lewandowski '),
(892, 25, 4, 'Real Madrid '),
(893, 25, 5, 'Juventus Turin '),
(894, 25, 6, 'Manu'),
(895, 25, 7, 'Psg '),
(896, 25, 8, 'Pal Dardei'),
(897, 25, 9, 'Sieger'),
(898, 25, 10, 'Halbfinale'),
(899, 25, 11, 'Achtelfinale'),
(900, 25, 12, 'Gruppenphase'),
(901, 25, 13, 'Achtelfinale'),
(902, 25, 14, 'Viertelfinale'),
(903, 25, 15, 'FC Penzing'),
(904, 25, 16, '5'),
(905, 25, 17, '4'),
(906, 25, 18, 'Friedrich '),
(907, 25, 19, 'TSV Türkenfeld'),
(908, 25, 20, '8'),
(909, 25, 21, '8'),
(910, 25, 22, 'Wolle'),
(911, 25, 23, 'FC Bayern München'),
(912, 25, 24, 'Borussia Dortmund'),
(913, 25, 25, 'Bayer Leverkusen'),
(914, 25, 26, 'Borussia Mönchengladbach'),
(915, 25, 27, 'Vfl Wolfsburg'),
(916, 25, 28, '1.FC Köln'),
(917, 25, 29, 'FC Ingolstadt'),
(918, 25, 30, 'Werder Bremen'),
(919, 25, 31, 'SV Darmstadt 98'),
(920, 25, 32, 'Hannover 96'),
(921, 25, 33, 'VfB Stuttgart'),
(922, 25, 34, '1.FC Kaiserslautern'),
(923, 25, 35, '1.FC St.Pauli'),
(924, 25, 36, 'SV Sandhausen'),
(925, 25, 37, 'FC Würzburger Kickers'),
(926, 26, 1, 'Borussia Dortmund'),
(927, 26, 2, 'Bayern München'),
(928, 26, 3, 'Lewandowski'),
(929, 26, 4, 'Real Madrid'),
(930, 26, 5, 'Sampdoria Genua'),
(931, 26, 6, 'Manchester United'),
(932, 26, 7, 'OGC Nizza'),
(933, 26, 8, 'Viktor Skripnik'),
(934, 26, 9, 'Sieger'),
(935, 26, 10, 'Viertelfinale'),
(936, 26, 11, 'Achtelfinale'),
(937, 26, 12, 'Gruppenphase'),
(938, 26, 13, 'Sechzehntelfinale'),
(939, 26, 14, 'Viertelfinale'),
(940, 26, 15, 'TSV Peiting'),
(941, 26, 16, '4'),
(942, 26, 17, '3'),
(943, 26, 18, 'Florian Friedrich'),
(944, 26, 19, 'TSV Türkenfeld'),
(945, 26, 20, '9'),
(946, 26, 21, '9'),
(947, 26, 22, 'Alex Thiel'),
(948, 26, 23, 'FC Bayern München'),
(949, 26, 24, 'Borussia Dortmund'),
(950, 26, 25, 'Borussia Mönchengladbach'),
(951, 26, 26, 'RB Leipzig'),
(952, 26, 27, 'Bayer Leverkusen'),
(953, 26, 28, '1.FC Köln'),
(954, 26, 29, 'SC Freiburg'),
(955, 26, 30, 'FC Ingolstadt'),
(956, 26, 31, 'SV Darmstadt 98'),
(957, 26, 32, 'VfB Stuttgart'),
(958, 26, 33, 'Hannover 96'),
(959, 26, 34, 'Eintracht Braunschweig'),
(960, 26, 35, '1.FC Kaiserslautern'),
(961, 26, 36, '1.FC St.Pauli'),
(962, 26, 37, 'SV Sandhausen'),
(963, 27, 1, 'FC Bayern'),
(964, 27, 2, 'Barcelona'),
(965, 27, 3, 'Aubemejang'),
(966, 27, 4, 'Barcelona'),
(967, 27, 5, 'Juventus Turin'),
(968, 27, 6, 'Livermpool'),
(969, 27, 7, 'Olympic Marseille'),
(970, 27, 8, 'Viktor Skripnik'),
(971, 27, 9, 'Finale'),
(972, 27, 10, 'Viertelfinale'),
(973, 27, 11, 'Achtelfinale'),
(974, 27, 12, 'Achtelfinale'),
(975, 27, 13, 'Sechzehntelfinale'),
(976, 27, 14, 'Achtelfinale'),
(977, 27, 15, 'Vfl Denklingen'),
(978, 27, 16, '8'),
(979, 27, 17, '7'),
(980, 27, 18, 'Friedrich Florian'),
(981, 27, 19, 'TSV Aufkirchen'),
(982, 27, 20, '9'),
(983, 27, 21, '8'),
(984, 27, 22, 'Thiel Alex'),
(985, 27, 23, 'FC Bayern München'),
(986, 27, 24, 'Borussia Dortmund'),
(987, 27, 25, 'Borussia Mönchengladbach'),
(988, 27, 26, 'Bayer Leverkusen'),
(989, 27, 27, 'FC Schalke 04'),
(990, 27, 28, 'Hertha BSC Berlin'),
(991, 27, 29, 'FC Ingolstadt'),
(992, 27, 30, 'Werder Bremen'),
(993, 27, 31, 'SV Darmstadt 98'),
(994, 27, 32, 'Hannover 96'),
(995, 27, 33, 'VfB Stuttgart'),
(996, 27, 34, 'Eintracht Braunschweig'),
(997, 27, 35, '1.FC Heidenheim'),
(998, 27, 36, 'FC Würzburger Kickers'),
(999, 27, 37, '1.FC Union Berlin'),
(1000, 28, 1, 'FC Bayern'),
(1001, 28, 2, 'Barcelona'),
(1002, 28, 3, 'Aubemejang'),
(1003, 28, 4, 'Barcelona'),
(1004, 28, 5, 'Juventus Turin'),
(1005, 28, 6, 'Liverpool'),
(1006, 28, 7, 'Olympic Marseille'),
(1007, 28, 8, 'Viktor Skripnik'),
(1008, 28, 9, 'Finale'),
(1009, 28, 10, 'Viertelfinale'),
(1010, 28, 11, 'Achtelfinale'),
(1011, 28, 12, 'Achtelfinale'),
(1012, 28, 13, 'Sechzehntelfinale'),
(1013, 28, 14, 'Achtelfinale'),
(1014, 28, 15, 'Vfl Denklingen'),
(1015, 28, 16, '8'),
(1016, 28, 17, '7'),
(1017, 28, 18, 'Friedrich Florian'),
(1018, 28, 19, 'TSV Aufkirchen'),
(1019, 28, 20, '9'),
(1020, 28, 21, '8'),
(1021, 28, 22, 'Thiel Alex'),
(1022, 28, 23, 'FC Bayern München'),
(1023, 28, 24, 'Borussia Dortmund'),
(1024, 28, 25, 'Borussia Mönchengladbach'),
(1025, 28, 26, 'Bayer Leverkusen'),
(1026, 28, 27, 'FC Schalke 04'),
(1027, 28, 28, 'Hertha BSC Berlin'),
(1028, 28, 29, 'FC Ingolstadt'),
(1029, 28, 30, 'Werder Bremen'),
(1030, 28, 31, 'SV Darmstadt 98'),
(1031, 28, 32, 'Hannover 96'),
(1032, 28, 33, 'VfB Stuttgart'),
(1033, 28, 34, 'Eintracht Braunschweig'),
(1034, 28, 35, '1.FC Heidenheim'),
(1035, 28, 36, 'FC Würzburger Kickers'),
(1036, 28, 37, '1.FC Union Berlin'),
(1037, 29, 1, 'Fc Bayern München '),
(1038, 29, 2, 'Fc Bayern München '),
(1039, 29, 3, 'Robert Lewandowski '),
(1040, 29, 4, 'Fc Barcelona'),
(1041, 29, 5, 'Juventus Turin '),
(1042, 29, 6, 'Manchester Ciry '),
(1043, 29, 7, 'Paris SG'),
(1044, 29, 8, 'Bruno Labbadia'),
(1045, 29, 9, 'Sieger'),
(1046, 29, 10, 'Viertelfinale'),
(1047, 29, 11, 'Gruppenphase'),
(1048, 29, 12, 'Viertelfinale'),
(1049, 29, 13, 'Erste Runde'),
(1050, 29, 14, 'Sechzehntelfinale'),
(1051, 29, 15, 'SV Mammendorf'),
(1052, 29, 16, '5'),
(1053, 29, 17, '4'),
(1054, 29, 18, 'Florian Friedrich'),
(1055, 29, 19, 'SC Malching'),
(1056, 29, 20, '8'),
(1057, 29, 21, '6'),
(1058, 29, 22, 'Alex Thiel'),
(1059, 29, 23, 'FC Bayern München'),
(1060, 29, 24, 'Borussia Dortmund'),
(1061, 29, 25, 'Borussia Mönchengladbach'),
(1062, 29, 26, 'Bayer Leverkusen'),
(1063, 29, 27, 'FC Schalke 04'),
(1064, 29, 28, 'Vfl Wolfsburg'),
(1065, 29, 29, 'FC Augsburg'),
(1066, 29, 30, 'FC Ingolstadt'),
(1067, 29, 31, 'SV Darmstadt 98'),
(1068, 29, 32, 'Hannover 96'),
(1069, 29, 33, 'Eintracht Braunschweig'),
(1070, 29, 34, 'SpVgg Greuther Fürth'),
(1071, 29, 35, 'Erzgebirge Aue'),
(1072, 29, 36, 'SV Sandhausen'),
(1073, 29, 37, '1.FC St.Pauli'),
(1074, 30, 1, 'Fc Bayern'),
(1075, 30, 2, 'Fc Bayern'),
(1076, 30, 3, 'Lewandowski'),
(1077, 30, 4, 'Real Madrid'),
(1078, 30, 5, 'Juventus'),
(1079, 30, 6, 'Manchester City'),
(1080, 30, 7, 'PSG'),
(1081, 30, 8, 'Bruno Labbadia'),
(1082, 30, 9, 'Sieger'),
(1083, 30, 10, 'Viertelfinale'),
(1084, 30, 11, 'Erste Runde'),
(1085, 30, 12, 'nicht qualifiziert'),
(1086, 30, 13, 'Sechzehntelfinale'),
(1087, 30, 14, 'Achtelfinale'),
(1088, 30, 15, 'SC Unterpfaffenhofen'),
(1089, 30, 16, '5'),
(1090, 30, 17, '4'),
(1091, 30, 18, 'Flo Friedrich'),
(1092, 30, 19, 'SV Kottgeisering'),
(1093, 30, 20, '7'),
(1094, 30, 21, '4'),
(1095, 30, 22, 'Alex Thiel'),
(1096, 30, 23, 'FC Bayern München'),
(1097, 30, 24, 'Borussia Dortmund'),
(1098, 30, 25, 'FC Schalke 04'),
(1099, 30, 26, 'Hamburger SV'),
(1100, 30, 27, '1.FC Köln'),
(1101, 30, 28, 'Bayer Leverkusen'),
(1102, 30, 29, 'RB Leipzig'),
(1103, 30, 30, 'FSV Mainz 05'),
(1104, 30, 31, 'SV Darmstadt 98'),
(1105, 30, 32, 'Hannover 96'),
(1106, 30, 33, 'Eintracht Braunschweig'),
(1107, 30, 34, 'VfB Stuttgart'),
(1108, 30, 35, 'TSV 1860 München'),
(1109, 30, 36, 'FC Würzburger Kickers'),
(1110, 30, 37, 'Erzgebirge Aue'),
(1111, 31, 1, 'Bayern München'),
(1112, 31, 2, 'FC Barcelona'),
(1113, 31, 3, 'Lewandowski'),
(1114, 31, 4, 'FC Barcelona'),
(1115, 31, 5, 'Jeventus Turin'),
(1116, 31, 6, 'Manchester City'),
(1117, 31, 7, 'PSG'),
(1118, 31, 8, 'Viktor Skripnik'),
(1119, 31, 9, 'Halbfinale'),
(1120, 31, 10, 'Viertelfinale'),
(1121, 31, 11, 'Achtelfinale'),
(1122, 31, 12, 'Gruppenphase'),
(1123, 31, 13, 'Sechzehntelfinale'),
(1124, 31, 14, 'Viertelfinale'),
(1125, 31, 15, 'TSV Bernbeuren'),
(1126, 31, 16, '6'),
(1127, 31, 17, '6'),
(1128, 31, 18, 'Friedrich'),
(1129, 31, 19, 'TSV Aufkirchen'),
(1130, 31, 20, '8'),
(1131, 31, 21, '8'),
(1132, 31, 22, 'Thiel A.'),
(1133, 31, 23, 'FC Bayern München'),
(1134, 31, 24, 'Borussia Dortmund'),
(1135, 31, 25, 'Bayer Leverkusen'),
(1136, 31, 26, 'Vfl Wolfsburg'),
(1137, 31, 27, 'FC Schalke 04'),
(1138, 31, 28, 'RB Leipzig'),
(1139, 31, 29, 'FC Ingolstadt'),
(1140, 31, 30, 'SC Freiburg'),
(1141, 31, 31, 'SV Darmstadt 98'),
(1142, 31, 32, 'Eintracht Braunschweig'),
(1143, 31, 33, 'Hannover 96'),
(1144, 31, 34, 'VfB Stuttgart'),
(1145, 31, 35, '1.FC St.Pauli'),
(1146, 31, 36, 'Armina Bielefeld'),
(1147, 31, 37, 'SV Sandhausen'),
(1148, 32, 1, 'Dortmund'),
(1149, 32, 2, 'Athletico Madid'),
(1150, 32, 3, 'Lewandowski'),
(1151, 32, 4, 'Real'),
(1152, 32, 5, 'Juve'),
(1153, 32, 6, 'Man City'),
(1154, 32, 7, 'PSG'),
(1155, 32, 8, 'Norbert Meier'),
(1156, 32, 9, 'TSV Geiselbullach'),
(1157, 32, 10, 'Viertelfinale'),
(1158, 32, 11, 'Achtelfinale'),
(1159, 32, 12, 'Gruppenphase'),
(1160, 32, 13, 'Sechzehntelfinale'),
(1161, 32, 14, 'Halbfinale'),
(1162, 32, 15, 'TSV Bernbeuren'),
(1163, 32, 16, '4'),
(1164, 32, 17, '3'),
(1165, 32, 18, 'Friedrich'),
(1166, 32, 19, 'TSV Aufkirchen'),
(1167, 32, 20, '9'),
(1168, 32, 21, '7'),
(1169, 32, 22, 'Thiel Herbert (eh Alex)'),
(1170, 32, 23, 'FC Bayern München'),
(1171, 32, 24, 'Borussia Dortmund'),
(1172, 32, 25, 'Bayer Leverkusen'),
(1173, 32, 26, 'FC Schalke 04'),
(1174, 32, 27, 'Borussia Mönchengladbach'),
(1175, 32, 28, 'Vfl Wolfsburg'),
(1176, 32, 29, 'Werder Bremen'),
(1177, 32, 30, 'SV Darmstadt 98'),
(1178, 32, 31, 'FC Ingolstadt'),
(1179, 32, 32, 'Hannover 96'),
(1180, 32, 33, 'Eintracht Braunschweig'),
(1181, 32, 34, 'TSV 1860 München'),
(1182, 32, 35, 'Erzgebirge Aue'),
(1183, 32, 36, 'SV Sandhausen'),
(1184, 32, 37, 'Armina Bielefeld'),
(1185, 33, 1, 'Bayern München'),
(1186, 33, 2, 'Bayern München'),
(1187, 33, 3, 'Lewandowski'),
(1188, 33, 4, 'Real Madrid'),
(1189, 33, 5, 'Juventus Turin'),
(1190, 33, 6, 'Manchester City'),
(1191, 33, 7, 'Paris St. Germain'),
(1192, 33, 8, 'Viktor Skripnik'),
(1193, 33, 9, 'Finale'),
(1194, 33, 10, 'Viertelfinale'),
(1195, 33, 11, 'Achtelfinale'),
(1196, 33, 12, 'Gruppenphase'),
(1197, 33, 13, 'Gruppenphase'),
(1198, 33, 14, 'Viertelfinale'),
(1199, 33, 15, 'FC Penzing'),
(1200, 33, 16, '7'),
(1201, 33, 17, '7'),
(1202, 33, 18, 'Florian Friedrich'),
(1203, 33, 19, 'TSV Aufkirchen'),
(1204, 33, 20, '10'),
(1205, 33, 21, '10'),
(1206, 33, 22, 'Alexander Thiel'),
(1207, 33, 23, 'FC Bayern München'),
(1208, 33, 24, 'Borussia Dortmund'),
(1209, 33, 25, 'Borussia Mönchengladbach'),
(1210, 33, 26, 'Vfl Wolfsburg'),
(1211, 33, 27, 'Bayer Leverkusen'),
(1212, 33, 28, 'RB Leipzig'),
(1213, 33, 29, 'FC Ingolstadt'),
(1214, 33, 30, 'SC Freiburg'),
(1215, 33, 31, 'SV Darmstadt 98'),
(1216, 33, 32, 'VfB Stuttgart'),
(1217, 33, 33, 'Hannover 96'),
(1218, 33, 34, 'Eintracht Braunschweig'),
(1219, 33, 35, 'Erzgebirge Aue'),
(1220, 33, 36, '1.FC St.Pauli'),
(1221, 33, 37, 'Armina Bielefeld'),
(1222, 34, 1, 'Bayern'),
(1223, 34, 2, 'Bayern'),
(1224, 34, 3, 'Lewa'),
(1225, 34, 4, 'Barca'),
(1226, 34, 5, 'Juve'),
(1227, 34, 6, 'ManU'),
(1228, 34, 7, 'PSG'),
(1229, 34, 8, 'Viktor Skripnik'),
(1230, 34, 9, 'Sieger'),
(1231, 34, 10, 'Achtelfinale'),
(1232, 34, 11, 'Viertelfinale'),
(1233, 34, 12, 'Achtelfinale'),
(1234, 34, 13, 'Viertelfinale'),
(1235, 34, 14, 'Achtelfinale'),
(1236, 34, 15, 'FC Penzing'),
(1237, 34, 16, '5'),
(1238, 34, 17, '2'),
(1239, 34, 18, 'Friedrich'),
(1240, 34, 19, 'TSV Aufkirchen'),
(1241, 34, 20, '6'),
(1242, 34, 21, '6'),
(1243, 34, 22, 'Thiel'),
(1244, 34, 23, 'FC Bayern München'),
(1245, 34, 24, 'Borussia Dortmund'),
(1246, 34, 25, 'FC Schalke 04'),
(1247, 34, 26, 'Bayer Leverkusen'),
(1248, 34, 27, 'Borussia Mönchengladbach'),
(1249, 34, 28, '1.FC Köln'),
(1250, 34, 29, 'FC Ingolstadt'),
(1251, 34, 30, 'FC Augsburg'),
(1252, 34, 31, 'SV Darmstadt 98'),
(1253, 34, 32, 'Eintracht Braunschweig'),
(1254, 34, 33, 'VfB Stuttgart'),
(1255, 34, 34, 'Hannover 96'),
(1256, 34, 35, '1.FC Union Berlin'),
(1257, 34, 36, 'Erzgebirge Aue'),
(1258, 34, 37, 'SV Sandhausen'),
(1259, 35, 1, 'Gladbach'),
(1260, 35, 2, 'Bayern'),
(1261, 35, 3, 'Lewa'),
(1262, 35, 4, 'Barca'),
(1263, 35, 5, 'Juve'),
(1264, 35, 6, 'Man U'),
(1265, 35, 7, 'PSG'),
(1266, 35, 8, 'Viktor Skripnik'),
(1267, 35, 9, 'Sieger'),
(1268, 35, 10, 'Viertelfinale'),
(1269, 35, 11, 'Viertelfinale'),
(1270, 35, 12, 'Achtelfinale'),
(1271, 35, 13, 'Achtelfinale'),
(1272, 35, 14, 'Viertelfinale'),
(1273, 35, 15, 'TSV Bernbeuren'),
(1274, 35, 16, '4'),
(1275, 35, 17, '7'),
(1276, 35, 18, 'Friedrich'),
(1277, 35, 19, 'TSV Aufkirchen'),
(1278, 35, 20, '8'),
(1279, 35, 21, '9'),
(1280, 35, 22, 'Schrall'),
(1281, 35, 23, 'FC Bayern München'),
(1282, 35, 24, 'Borussia Dortmund'),
(1283, 35, 25, 'Borussia Mönchengladbach'),
(1284, 35, 26, 'Bayer Leverkusen'),
(1285, 35, 27, 'Vfl Wolfsburg'),
(1286, 35, 28, 'FC Schalke 04'),
(1287, 35, 29, 'Werder Bremen'),
(1288, 35, 30, 'SC Freiburg'),
(1289, 35, 31, 'SV Darmstadt 98'),
(1290, 35, 32, 'VfB Stuttgart'),
(1291, 35, 33, 'Eintracht Braunschweig'),
(1292, 35, 34, 'Hannover 96'),
(1293, 35, 35, '1.FC St.Pauli'),
(1294, 35, 36, 'Armina Bielefeld'),
(1295, 35, 37, 'Erzgebirge Aue'),
(1296, 36, 1, 'Bayern'),
(1297, 36, 2, 'Bayern'),
(1298, 36, 3, 'Lewa'),
(1299, 36, 4, 'Real'),
(1300, 36, 5, 'Juve'),
(1301, 36, 6, 'Man U'),
(1302, 36, 7, 'PSG'),
(1303, 36, 8, 'Viktor Skripnik'),
(1304, 36, 9, 'Sieger'),
(1305, 36, 10, 'Viertelfinale'),
(1306, 36, 11, 'Achtelfinale'),
(1307, 36, 12, 'Gruppenphase'),
(1308, 36, 13, 'Sechzehntelfinale'),
(1309, 36, 14, 'Viertelfinale'),
(1310, 36, 15, 'FC Penzing'),
(1311, 36, 16, '6'),
(1312, 36, 17, '6'),
(1313, 36, 18, 'Friedrich'),
(1314, 36, 19, 'TSV Türkenfeld'),
(1315, 36, 20, '8'),
(1316, 36, 21, '9'),
(1317, 36, 22, 'Thiel'),
(1318, 36, 23, 'FC Bayern München'),
(1319, 36, 24, 'Borussia Dortmund'),
(1320, 36, 25, 'Borussia Mönchengladbach'),
(1321, 36, 26, 'Bayer Leverkusen'),
(1322, 36, 27, 'FC Schalke 04'),
(1323, 36, 28, 'Vfl Wolfsburg'),
(1324, 36, 29, 'TSG 1899 Hoffenheim'),
(1325, 36, 30, 'Werder Bremen'),
(1326, 36, 31, 'SV Darmstadt 98'),
(1327, 36, 32, 'Hannover 96'),
(1328, 36, 33, 'VfB Stuttgart'),
(1329, 36, 34, 'Eintracht Braunschweig'),
(1330, 36, 35, '1.FC St.Pauli'),
(1331, 36, 36, 'Erzgebirge Aue'),
(1332, 36, 37, 'SV Sandhausen'),
(1333, 37, 1, 'Bayern'),
(1334, 37, 2, 'Barcelona'),
(1335, 37, 3, 'Lewa'),
(1336, 37, 4, 'Real'),
(1337, 37, 5, 'Juve'),
(1338, 37, 6, 'Man U'),
(1339, 37, 7, 'PSG'),
(1340, 37, 8, 'Viktor Skripnik'),
(1341, 37, 9, 'Finale'),
(1342, 37, 10, 'Viertelfinale'),
(1343, 37, 11, 'Viertelfinale'),
(1344, 37, 12, 'Gruppenphase'),
(1345, 37, 13, 'Gruppenphase'),
(1346, 37, 14, 'Achtelfinale'),
(1347, 37, 15, 'TSV Peiting'),
(1348, 37, 16, '8'),
(1349, 37, 17, '8'),
(1350, 37, 18, 'Friedrich'),
(1351, 37, 19, 'TSV Türkenfeld'),
(1352, 37, 20, '9'),
(1353, 37, 21, '9'),
(1354, 37, 22, 'Thiel'),
(1355, 37, 23, 'FC Bayern München'),
(1356, 37, 24, 'Bayer Leverkusen'),
(1357, 37, 25, 'Borussia Dortmund'),
(1358, 37, 26, 'Borussia Mönchengladbach'),
(1359, 37, 27, 'FC Schalke 04'),
(1360, 37, 28, 'Hamburger SV'),
(1361, 37, 29, 'FC Augsburg'),
(1362, 37, 30, 'Werder Bremen'),
(1363, 37, 31, 'SV Darmstadt 98'),
(1364, 37, 32, 'VfB Stuttgart'),
(1365, 37, 33, 'Hannover 96'),
(1366, 37, 34, 'TSV 1860 München'),
(1367, 37, 35, '1.FC Heidenheim'),
(1368, 37, 36, 'SV Sandhausen'),
(1369, 37, 37, 'Dynamo Dresden'),
(1370, 38, 1, 'Bayern'),
(1371, 38, 2, 'Bayern'),
(1372, 38, 3, 'Lewa'),
(1373, 38, 4, 'Barca'),
(1374, 38, 5, 'Juve'),
(1375, 38, 6, 'Man City'),
(1376, 38, 7, 'PSG'),
(1377, 38, 8, 'Viktor Skripnik'),
(1378, 38, 9, 'Sieger'),
(1379, 38, 10, 'Viertelfinale'),
(1380, 38, 11, 'Gruppenphase'),
(1381, 38, 12, 'Gruppenphase'),
(1382, 38, 13, 'Achtelfinale'),
(1383, 38, 14, 'Halbfinale'),
(1384, 38, 15, 'FC Penzing'),
(1385, 38, 16, '6'),
(1386, 38, 17, '8'),
(1387, 38, 18, 'Friedrich'),
(1388, 38, 19, 'TSV Aufkirchen'),
(1389, 38, 20, '8'),
(1390, 38, 21, '8'),
(1391, 38, 22, 'Thiel'),
(1392, 38, 23, 'FC Bayern München'),
(1393, 38, 24, 'Borussia Dortmund'),
(1394, 38, 25, 'Borussia Mönchengladbach'),
(1395, 38, 26, 'Bayer Leverkusen'),
(1396, 38, 27, 'Vfl Wolfsburg'),
(1397, 38, 28, 'FC Schalke 04'),
(1398, 38, 29, 'SV Darmstadt 98'),
(1399, 38, 30, 'SC Freiburg'),
(1400, 38, 31, 'FC Ingolstadt'),
(1401, 38, 32, 'Hannover 96'),
(1402, 38, 33, 'Eintracht Braunschweig'),
(1403, 38, 34, 'VfB Stuttgart'),
(1404, 38, 35, '1.FC St.Pauli'),
(1405, 38, 36, 'Armina Bielefeld'),
(1406, 38, 37, 'SV Sandhausen'),
(1407, 39, 1, 'bayern'),
(1408, 39, 2, 'barca'),
(1409, 39, 3, 'lewa'),
(1410, 39, 4, 'Real'),
(1411, 39, 5, 'Juve'),
(1412, 39, 6, 'Arsenal'),
(1413, 39, 7, 'PSG'),
(1414, 39, 8, 'Viktor Skripnik'),
(1415, 39, 9, 'Finale'),
(1416, 39, 10, 'Halbfinale'),
(1417, 39, 11, 'Achtelfinale'),
(1418, 39, 12, 'Gruppenphase'),
(1419, 39, 13, 'Sechzehntelfinale'),
(1420, 39, 14, 'Achtelfinale'),
(1421, 39, 15, 'TSV Bernbeuren'),
(1422, 39, 16, '10'),
(1423, 39, 17, '11'),
(1424, 39, 18, 'Friedrich'),
(1425, 39, 19, 'TSV Aufkirchen'),
(1426, 39, 20, '9'),
(1427, 39, 21, '10'),
(1428, 39, 22, 'Thiel'),
(1429, 39, 23, 'FC Bayern München'),
(1430, 39, 24, 'Borussia Dortmund'),
(1431, 39, 25, 'Borussia Mönchengladbach'),
(1432, 39, 26, 'Bayer Leverkusen'),
(1433, 39, 27, 'FC Schalke 04'),
(1434, 39, 28, 'FSV Mainz 05'),
(1435, 39, 29, 'FC Augsburg'),
(1436, 39, 30, 'SV Darmstadt 98'),
(1437, 39, 31, 'Hamburger SV'),
(1438, 39, 32, 'Eintracht Braunschweig'),
(1439, 39, 33, 'Hannover 96'),
(1440, 39, 34, '1.FC Kaiserslautern'),
(1441, 39, 35, 'FC Würzburger Kickers'),
(1442, 39, 36, 'SV Sandhausen'),
(1443, 39, 37, '1.FC Union Berlin'),
(1444, 40, 1, 'Bayern'),
(1445, 40, 2, 'Barca'),
(1446, 40, 3, 'Lewa'),
(1447, 40, 4, 'Barca'),
(1448, 40, 5, 'Juve'),
(1449, 40, 6, 'ManU'),
(1450, 40, 7, 'PSG'),
(1451, 40, 8, 'Viktor Skripnik'),
(1452, 40, 9, 'Halbfinale'),
(1453, 40, 10, 'Achtelfinale'),
(1454, 40, 11, 'Achtelfinale'),
(1455, 40, 12, 'Gruppenphase'),
(1456, 40, 13, 'Sechzehntelfinale'),
(1457, 40, 14, 'Viertelfinale'),
(1458, 40, 15, 'SV Mammendorf'),
(1459, 40, 16, '7'),
(1460, 40, 17, '7'),
(1461, 40, 18, 'Friedrich'),
(1462, 40, 19, 'TSV Aufkirchen'),
(1463, 40, 20, '9'),
(1464, 40, 21, '9'),
(1465, 40, 22, 'Thiel'),
(1466, 40, 23, 'FC Bayern München'),
(1467, 40, 24, 'Borussia Dortmund'),
(1468, 40, 25, 'Bayer Leverkusen'),
(1469, 40, 26, 'Vfl Wolfsburg'),
(1470, 40, 27, 'Borussia Mönchengladbach'),
(1471, 40, 28, 'FC Schalke 04'),
(1472, 40, 29, 'Werder Bremen'),
(1473, 40, 30, 'SC Freiburg'),
(1474, 40, 31, 'SV Darmstadt 98'),
(1475, 40, 32, 'Hannover 96'),
(1476, 40, 33, 'VfB Stuttgart'),
(1477, 40, 34, 'Eintracht Braunschweig'),
(1478, 40, 35, '1.FC St.Pauli'),
(1479, 40, 36, 'Armina Bielefeld'),
(1480, 40, 37, 'SV Sandhausen'),
(1481, 41, 1, 'Bayern'),
(1482, 41, 2, 'Bayern'),
(1483, 41, 3, 'Lewa'),
(1484, 41, 4, 'Barca'),
(1485, 41, 5, 'Juve'),
(1486, 41, 6, 'City'),
(1487, 41, 7, 'PSG'),
(1488, 41, 8, 'Roger Schmidt'),
(1489, 41, 9, 'Sieger'),
(1490, 41, 10, 'Halbfinale'),
(1491, 41, 11, 'Viertelfinale'),
(1492, 41, 12, 'Gruppenphase'),
(1493, 41, 13, 'Sechzehntelfinale'),
(1494, 41, 14, 'Achtelfinale'),
(1495, 41, 15, 'Vfl Denklingen'),
(1496, 41, 16, '7'),
(1497, 41, 17, '6'),
(1498, 41, 18, 'Friedrich'),
(1499, 41, 19, 'TSV Aufkirchen'),
(1500, 41, 20, '9'),
(1501, 41, 21, '10'),
(1502, 41, 22, 'Thiel'),
(1503, 41, 23, 'FC Bayern München'),
(1504, 41, 24, 'Borussia Dortmund'),
(1505, 41, 25, 'Borussia Mönchengladbach'),
(1506, 41, 26, '1.FC Köln'),
(1507, 41, 27, 'RB Leipzig'),
(1508, 41, 28, 'Bayer Leverkusen'),
(1509, 41, 29, 'FC Augsburg'),
(1510, 41, 30, 'Werder Bremen'),
(1511, 41, 31, 'SV Darmstadt 98'),
(1512, 41, 32, 'Hannover 96'),
(1513, 41, 33, 'Eintracht Braunschweig'),
(1514, 41, 34, 'TSV 1860 München'),
(1515, 41, 35, '1.FC Nürnberg'),
(1516, 41, 36, 'Armina Bielefeld'),
(1517, 41, 37, 'SV Sandhausen'),
(1518, 42, 1, 'Bayern'),
(1519, 42, 2, 'Bayern'),
(1520, 42, 3, 'Lewa'),
(1521, 42, 4, 'Barca'),
(1522, 42, 5, 'Juve'),
(1523, 42, 6, 'city'),
(1524, 42, 7, 'PSG'),
(1525, 42, 8, 'Viktor Skripnik'),
(1526, 42, 9, 'Sieger'),
(1527, 42, 10, 'Viertelfinale'),
(1528, 42, 11, 'Gruppenphase'),
(1529, 42, 12, 'Gruppenphase'),
(1530, 42, 13, 'Sechzehntelfinale'),
(1531, 42, 14, 'Viertelfinale'),
(1532, 42, 15, 'TSV Bernbeuren'),
(1533, 42, 16, '4'),
(1534, 42, 17, '4'),
(1535, 42, 18, 'Friedrich'),
(1536, 42, 19, 'TSV Aufkirchen'),
(1537, 42, 20, '7'),
(1538, 42, 21, '8'),
(1539, 42, 22, 'Thiel'),
(1540, 42, 23, 'FC Bayern München'),
(1541, 42, 24, 'Borussia Dortmund'),
(1542, 42, 25, 'Bayer Leverkusen'),
(1543, 42, 26, 'FC Schalke 04'),
(1544, 42, 27, 'Borussia Mönchengladbach'),
(1545, 42, 28, 'Vfl Wolfsburg'),
(1546, 42, 29, 'FC Ingolstadt'),
(1547, 42, 30, 'Werder Bremen'),
(1548, 42, 31, 'SV Darmstadt 98'),
(1549, 42, 32, 'Hannover 96'),
(1550, 42, 33, 'VfB Stuttgart'),
(1551, 42, 34, '1.FC Nürnberg'),
(1552, 42, 35, 'Dynamo Dresden'),
(1553, 42, 36, 'FC Würzburger Kickers'),
(1554, 42, 37, 'Erzgebirge Aue'),
(1555, 43, 1, 'Bayern'),
(1556, 43, 2, 'Bayern'),
(1557, 43, 3, 'Lewandowski'),
(1558, 43, 4, 'Barca'),
(1559, 43, 5, 'Juve'),
(1560, 43, 6, 'ManU'),
(1561, 43, 7, 'PSG'),
(1562, 43, 8, 'Viktor Skripnik'),
(1563, 43, 9, 'Sieger'),
(1564, 43, 10, 'Viertelfinale'),
(1565, 43, 11, 'Achtelfinale'),
(1566, 43, 12, 'Gruppenphase'),
(1567, 43, 13, 'Gruppenphase'),
(1568, 43, 14, 'Viertelfinale'),
(1569, 43, 15, 'TSV Peiting'),
(1570, 43, 16, '5'),
(1571, 43, 17, '6'),
(1572, 43, 18, 'Friedrich'),
(1573, 43, 19, 'TSV Aufkirchen'),
(1574, 43, 20, '7'),
(1575, 43, 21, '7'),
(1576, 43, 22, 'Thiel'),
(1577, 43, 23, 'FC Bayern München'),
(1578, 43, 24, 'Borussia Dortmund'),
(1579, 43, 25, 'Bayer Leverkusen'),
(1580, 43, 26, 'Vfl Wolfsburg'),
(1581, 43, 27, 'Borussia Mönchengladbach'),
(1582, 43, 28, 'FC Schalke 04'),
(1583, 43, 29, 'FC Ingolstadt'),
(1584, 43, 30, 'SV Darmstadt 98'),
(1585, 43, 31, 'SC Freiburg'),
(1586, 43, 32, 'Hannover 96'),
(1587, 43, 33, 'VfB Stuttgart'),
(1588, 43, 34, '1.FC Nürnberg'),
(1589, 43, 35, 'Dynamo Dresden'),
(1590, 43, 36, '1.FC St.Pauli'),
(1591, 43, 37, 'Armina Bielefeld'),
(1592, 44, 1, 'Bayern'),
(1593, 44, 2, 'Bayern'),
(1594, 44, 3, 'Lewandowski'),
(1595, 44, 4, 'Barcelona'),
(1596, 44, 5, 'Juve'),
(1597, 44, 6, 'Manu'),
(1598, 44, 7, 'PSG'),
(1599, 44, 8, 'Viktor Skripnik'),
(1600, 44, 9, 'Sieger'),
(1601, 44, 10, 'Achtelfinale'),
(1602, 44, 11, 'Viertelfinale'),
(1603, 44, 12, 'Gruppenphase'),
(1604, 44, 13, 'Gruppenphase'),
(1605, 44, 14, 'Viertelfinale'),
(1606, 44, 15, 'TSV Bernbeuren'),
(1607, 44, 16, '8'),
(1608, 44, 17, '7'),
(1609, 44, 18, 'Friedrich'),
(1610, 44, 19, 'TSV Aufkirchen'),
(1611, 44, 20, '8'),
(1612, 44, 21, '9'),
(1613, 44, 22, 'Thiel'),
(1614, 44, 23, 'FC Bayern München'),
(1615, 44, 24, 'Borussia Dortmund'),
(1616, 44, 25, 'Bayer Leverkusen'),
(1617, 44, 26, 'FC Schalke 04'),
(1618, 44, 27, 'Borussia Mönchengladbach'),
(1619, 44, 28, 'Vfl Wolfsburg'),
(1620, 44, 29, 'Werder Bremen'),
(1621, 44, 30, 'SC Freiburg'),
(1622, 44, 31, 'SV Darmstadt 98'),
(1623, 44, 32, 'Hannover 96'),
(1624, 44, 33, 'VfB Stuttgart'),
(1625, 44, 34, 'Eintracht Braunschweig'),
(1626, 44, 35, 'SV Sandhausen'),
(1627, 44, 36, 'Karlsruher SC'),
(1628, 44, 37, 'Erzgebirge Aue'),
(1629, 45, 1, 'BVB'),
(1630, 45, 2, 'Barca'),
(1631, 45, 3, 'Lewandowski'),
(1632, 45, 4, 'Barca'),
(1633, 45, 5, 'Juve'),
(1634, 45, 6, 'ManU'),
(1635, 45, 7, 'PSG'),
(1636, 45, 8, 'Norbert Meier'),
(1637, 45, 9, 'Finale'),
(1638, 45, 10, 'Viertelfinale'),
(1639, 45, 11, 'Achtelfinale'),
(1640, 45, 12, 'Achtelfinale'),
(1641, 45, 13, 'Achtelfinale'),
(1642, 45, 14, 'Viertelfinale'),
(1643, 45, 15, 'Vfl Denklingen'),
(1644, 45, 16, '4'),
(1645, 45, 17, '4'),
(1646, 45, 18, 'Friedrich'),
(1647, 45, 19, 'TSV Aufkirchen'),
(1648, 45, 20, '6'),
(1649, 45, 21, '8'),
(1650, 45, 22, 'Thiel'),
(1651, 45, 23, 'FC Bayern München'),
(1652, 45, 24, 'Borussia Dortmund'),
(1653, 45, 25, 'Borussia Mönchengladbach'),
(1654, 45, 26, 'Bayer Leverkusen'),
(1655, 45, 27, 'FC Schalke 04'),
(1656, 45, 28, 'Hamburger SV'),
(1657, 45, 29, 'FC Augsburg'),
(1658, 45, 30, 'SV Darmstadt 98'),
(1659, 45, 31, 'Werder Bremen'),
(1660, 45, 32, 'VfB Stuttgart'),
(1661, 45, 33, 'Hannover 96'),
(1662, 45, 34, 'Fortuna Düsseldorf'),
(1663, 45, 35, 'SV Sandhausen'),
(1664, 45, 36, 'Erzgebirge Aue'),
(1665, 45, 37, 'Karlsruher SC'),
(1666, 46, 1, 'Bayern'),
(1667, 46, 2, 'Barca'),
(1668, 46, 3, 'Lewa'),
(1669, 46, 4, 'Barca'),
(1670, 46, 5, 'Juve'),
(1671, 46, 6, 'Man City'),
(1672, 46, 7, 'PSG'),
(1673, 46, 8, 'Viktor Skripnik'),
(1674, 46, 9, 'Finale'),
(1675, 46, 10, 'Viertelfinale'),
(1676, 46, 11, 'Achtelfinale'),
(1677, 46, 12, 'Achtelfinale'),
(1678, 46, 13, 'Achtelfinale'),
(1679, 46, 14, 'Viertelfinale'),
(1680, 46, 15, 'SV Mammendorf'),
(1681, 46, 16, '4'),
(1682, 46, 17, '6'),
(1683, 46, 18, 'Friedrich'),
(1684, 46, 19, 'SC Malching'),
(1685, 46, 20, '9'),
(1686, 46, 21, '10'),
(1687, 46, 22, 'Thiel'),
(1688, 46, 23, 'FC Bayern München'),
(1689, 46, 24, 'Borussia Dortmund'),
(1690, 46, 25, 'Bayer Leverkusen'),
(1691, 46, 26, 'Borussia Mönchengladbach'),
(1692, 46, 27, 'FC Schalke 04'),
(1693, 46, 28, 'Vfl Wolfsburg'),
(1694, 46, 29, 'FC Ingolstadt'),
(1695, 46, 30, 'SC Freiburg'),
(1696, 46, 31, 'SV Darmstadt 98'),
(1697, 46, 32, 'Hannover 96'),
(1698, 46, 33, 'VfB Stuttgart'),
(1699, 46, 34, 'Eintracht Braunschweig'),
(1700, 46, 35, 'Armina Bielefeld'),
(1701, 46, 36, 'SV Sandhausen'),
(1702, 46, 37, 'Erzgebirge Aue'),
(1703, 47, 1, 'Bayern'),
(1704, 47, 2, 'Barca'),
(1705, 47, 3, 'Lewa'),
(1706, 47, 4, 'Real'),
(1707, 47, 5, 'Juve'),
(1708, 47, 6, 'ManU'),
(1709, 47, 7, 'PSG'),
(1710, 47, 8, 'Viktor Skripnik'),
(1711, 47, 9, 'Finale'),
(1712, 47, 10, 'Halbfinale'),
(1713, 47, 11, 'Achtelfinale'),
(1714, 47, 12, 'Gruppenphase'),
(1715, 47, 13, 'Gruppenphase'),
(1716, 47, 14, 'Achtelfinale'),
(1717, 47, 15, 'TSV Peiting'),
(1718, 47, 16, '7'),
(1719, 47, 17, '8'),
(1720, 47, 18, 'Friedrich'),
(1721, 47, 19, 'SC Malching'),
(1722, 47, 20, '8'),
(1723, 47, 21, '10'),
(1724, 47, 22, 'Thiel'),
(1725, 47, 23, 'FC Bayern München'),
(1726, 47, 24, 'Borussia Dortmund'),
(1727, 47, 25, 'Bayer Leverkusen'),
(1728, 47, 26, 'Borussia Mönchengladbach'),
(1729, 47, 27, 'Vfl Wolfsburg'),
(1730, 47, 28, 'FC Schalke 04'),
(1731, 47, 29, 'Eintracht Frankfurt'),
(1732, 47, 30, 'Werder Bremen'),
(1733, 47, 31, 'SC Freiburg'),
(1734, 47, 32, 'VfB Stuttgart'),
(1735, 47, 33, 'Hannover 96'),
(1736, 47, 34, 'Eintracht Braunschweig'),
(1737, 47, 35, 'Erzgebirge Aue'),
(1738, 47, 36, 'SV Sandhausen'),
(1739, 47, 37, '1.FC St.Pauli'),
(1740, 48, 1, 'Bayern'),
(1741, 48, 2, 'Bayern'),
(1742, 48, 3, 'Lewandowski'),
(1743, 48, 4, 'Real'),
(1744, 48, 5, 'Juve'),
(1745, 48, 6, 'ManU'),
(1746, 48, 7, 'PSG'),
(1747, 48, 8, 'Norbert Meier'),
(1748, 48, 9, 'Sieger'),
(1749, 48, 10, 'Viertelfinale'),
(1750, 48, 11, 'Achtelfinale'),
(1751, 48, 12, 'Gruppenphase');
INSERT INTO `answer` (`id`, `user_id`, `question_id`, `answer`) VALUES
(1752, 48, 13, 'Sechzehntelfinale'),
(1753, 48, 14, 'Viertelfinale'),
(1754, 48, 15, 'SV Mammendorf'),
(1755, 48, 16, '3'),
(1756, 48, 17, '4'),
(1757, 48, 18, 'Friedrich'),
(1758, 48, 19, 'TSV Aufkirchen'),
(1759, 48, 20, '7'),
(1760, 48, 21, '6'),
(1761, 48, 22, 'Thiel'),
(1762, 48, 23, 'FC Bayern München'),
(1763, 48, 24, 'Borussia Dortmund'),
(1764, 48, 25, 'Borussia Mönchengladbach'),
(1765, 48, 26, 'Eintracht Frankfurt'),
(1766, 48, 27, 'Bayer Leverkusen'),
(1767, 48, 28, 'Hertha BSC Berlin'),
(1768, 48, 29, 'SC Freiburg'),
(1769, 48, 30, 'FC Augsburg'),
(1770, 48, 31, 'SV Darmstadt 98'),
(1771, 48, 32, 'Hannover 96'),
(1772, 48, 33, 'TSV 1860 München'),
(1773, 48, 34, 'VfB Stuttgart'),
(1774, 48, 35, '1.FC Union Berlin'),
(1775, 48, 36, '1.FC St.Pauli'),
(1776, 48, 37, 'SV Sandhausen'),
(1777, 49, 1, 'Dortmund'),
(1778, 49, 2, 'Barca'),
(1779, 49, 3, 'Auba'),
(1780, 49, 4, 'Real'),
(1781, 49, 5, 'Juve'),
(1782, 49, 6, 'ManU'),
(1783, 49, 7, 'PSG'),
(1784, 49, 8, 'Markus Weinzierl'),
(1785, 49, 9, 'Halbfinale'),
(1786, 49, 10, 'Achtelfinale'),
(1787, 49, 11, 'Gruppenphase'),
(1788, 49, 12, 'Gruppenphase'),
(1789, 49, 13, 'Gruppenphase'),
(1790, 49, 14, 'Sechzehntelfinale'),
(1791, 49, 15, 'Vfl Denklingen'),
(1792, 49, 16, '4'),
(1793, 49, 17, '5'),
(1794, 49, 18, 'Friedrich'),
(1795, 49, 19, 'TSV Aufkirchen'),
(1796, 49, 20, '7'),
(1797, 49, 21, '8'),
(1798, 49, 22, 'Thiel'),
(1799, 49, 23, 'FC Bayern München'),
(1800, 49, 24, 'Borussia Dortmund'),
(1801, 49, 25, 'Bayer Leverkusen'),
(1802, 49, 26, 'Vfl Wolfsburg'),
(1803, 49, 27, 'FSV Mainz 05'),
(1804, 49, 28, 'FC Schalke 04'),
(1805, 49, 29, 'FC Augsburg'),
(1806, 49, 30, 'SV Darmstadt 98'),
(1807, 49, 31, 'Eintracht Frankfurt'),
(1808, 49, 32, 'VfB Stuttgart'),
(1809, 49, 33, 'Hannover 96'),
(1810, 49, 34, 'Dynamo Dresden'),
(1811, 49, 35, 'Erzgebirge Aue'),
(1812, 49, 36, 'SV Sandhausen'),
(1813, 49, 37, 'FC Würzburger Kickers');

-- --------------------------------------------------------

--
-- Tabellenstruktur für Tabelle `bet`
--

CREATE TABLE IF NOT EXISTS `bet` (
  `id` int(11) NOT NULL AUTO_INCREMENT,
  `user_Id` int(11) NOT NULL,
  `game_Id` int(11) NOT NULL,
  `homeTeamScore` int(11) NOT NULL,
  `guestTeamScore` int(11) NOT NULL,
  PRIMARY KEY (`id`),
  KEY `FK_FBF0EC9BE48FD905_idx` (`game_Id`),
  KEY `FK_FBF0EC9BA76ED395_idx` (`user_Id`)
) ENGINE=InnoDB  DEFAULT CHARSET=utf8 COLLATE=utf8_unicode_ci AUTO_INCREMENT=1505 ;

--
-- Daten für Tabelle `bet`
--

INSERT INTO `bet` (`id`, `user_Id`, `game_Id`, `homeTeamScore`, `guestTeamScore`) VALUES
(1, 2, 1, 1, 3),
(2, 2, 2, 1, 1),
(3, 2, 3, 2, 1),
(4, 2, 4, 1, 0),
(5, 2, 5, 1, 3),
(6, 2, 6, 2, 0),
(7, 2, 7, 0, 0),
(8, 2, 8, 1, 3),
(9, 2, 9, 2, 1),
(10, 2, 10, 2, 2),
(11, 2, 11, 1, 0),
(12, 2, 12, 2, 1),
(13, 2, 13, 1, 2),
(14, 2, 14, 1, 1),
(15, 2, 15, 0, 1),
(16, 2, 16, 0, 2),
(17, 2, 17, 2, 0),
(18, 2, 18, 3, 1),
(19, 2, 19, 1, 1),
(20, 2, 20, 0, 1),
(21, 2, 21, 2, 1),
(22, 2, 22, 2, 0),
(23, 2, 23, 2, 0),
(24, 2, 24, 0, 5),
(25, 2, 25, 1, 1),
(26, 2, 26, 0, 3),
(27, 2, 27, 2, 0),
(28, 2, 28, 1, 1),
(29, 2, 29, 2, 1),
(30, 2, 30, 3, 0),
(31, 2, 31, 1, 1),
(32, 2, 32, 2, 1),
(33, 2, 33, 0, 1),
(34, 2, 34, 1, 1),
(35, 2, 35, 2, 1),
(36, 2, 36, 0, 2),
(37, 2, 37, 1, 0),
(38, 2, 38, 2, 1),
(39, 2, 39, 3, 1),
(40, 3, 1, 1, 1),
(41, 3, 2, 1, 1),
(42, 3, 3, 2, 0),
(43, 3, 4, 1, 1),
(44, 3, 5, 1, 2),
(45, 3, 6, 1, 1),
(46, 3, 7, 1, 0),
(47, 3, 8, 1, 2),
(48, 3, 9, 1, 1),
(49, 3, 10, 1, 1),
(50, 3, 11, 2, 1),
(51, 3, 12, 2, 0),
(52, 3, 13, 1, 1),
(53, 3, 14, 1, 2),
(54, 3, 15, 1, 1),
(55, 3, 16, 1, 2),
(56, 3, 17, 2, 1),
(57, 3, 18, 1, 1),
(58, 3, 19, 1, 2),
(59, 3, 20, 1, 2),
(60, 3, 21, 2, 1),
(61, 3, 22, 2, 0),
(62, 3, 23, 2, 0),
(63, 3, 24, 0, 4),
(64, 3, 25, 0, 0),
(65, 3, 26, 0, 2),
(66, 3, 27, 2, 1),
(67, 3, 28, 2, 1),
(68, 3, 29, 2, 1),
(69, 3, 30, 2, 0),
(70, 3, 31, 2, 1),
(71, 3, 32, 2, 1),
(72, 3, 33, 1, 2),
(73, 3, 34, 0, 1),
(74, 3, 35, 0, 1),
(75, 3, 36, 1, 1),
(76, 3, 37, 2, 1),
(77, 3, 38, 2, 1),
(78, 3, 39, 2, 1),
(79, 3, 40, 2, 1),
(80, 5, 1, 2, 0),
(81, 5, 2, 0, 1),
(82, 5, 3, 3, 0),
(83, 5, 4, 2, 0),
(84, 5, 5, 1, 1),
(85, 5, 6, 1, 2),
(86, 5, 7, 3, 0),
(87, 5, 8, 1, 1),
(88, 5, 9, 2, 0),
(89, 5, 10, 2, 0),
(90, 5, 11, 1, 1),
(91, 5, 12, 2, 0),
(92, 5, 13, 1, 0),
(93, 5, 14, 2, 0),
(94, 5, 15, 1, 1),
(95, 5, 16, 0, 2),
(96, 5, 17, 2, 0),
(97, 5, 18, 1, 0),
(98, 5, 19, 1, 0),
(99, 5, 20, 0, 2),
(100, 5, 21, 2, 0),
(101, 5, 22, 2, 1),
(102, 5, 23, 1, 1),
(103, 5, 24, 0, 5),
(104, 5, 25, 1, 1),
(105, 5, 26, 0, 3),
(106, 5, 27, 0, 0),
(107, 5, 28, 1, 3),
(108, 5, 29, 3, 1),
(109, 5, 30, 3, 0),
(110, 5, 31, 1, 1),
(111, 5, 32, 3, 1),
(112, 5, 33, 1, 2),
(113, 5, 34, 1, 1),
(114, 5, 35, 0, 2),
(115, 5, 36, 1, 1),
(116, 5, 37, 0, 1),
(117, 5, 38, 2, 1),
(118, 5, 39, 1, 0),
(119, 5, 40, 1, 0),
(120, 6, 1, 1, 0),
(121, 6, 2, 3, 1),
(122, 6, 3, 4, 0),
(123, 6, 4, 1, 1),
(124, 6, 5, 0, 2),
(125, 6, 6, 2, 2),
(126, 6, 7, 3, 1),
(127, 6, 8, 1, 2),
(128, 6, 9, 3, 1),
(129, 6, 10, 2, 1),
(130, 6, 11, 4, 2),
(131, 6, 12, 1, 1),
(132, 6, 13, 2, 1),
(133, 6, 14, 4, 1),
(134, 6, 15, 3, 3),
(135, 6, 16, 1, 2),
(136, 6, 17, 2, 2),
(137, 6, 18, 3, 1),
(138, 6, 19, 0, 0),
(139, 6, 20, 1, 3),
(140, 6, 21, 4, 1),
(141, 6, 22, 3, 0),
(142, 6, 23, 2, 0),
(143, 6, 24, 0, 6),
(144, 6, 25, 1, 2),
(145, 6, 26, 1, 4),
(146, 6, 27, 1, 0),
(147, 6, 28, 0, 1),
(148, 6, 29, 3, 0),
(149, 6, 30, 4, 0),
(150, 6, 31, 1, 2),
(151, 6, 32, 2, 0),
(152, 6, 33, 1, 3),
(153, 6, 34, 2, 1),
(154, 6, 35, 0, 1),
(155, 6, 36, 1, 3),
(156, 6, 37, 1, 0),
(157, 6, 38, 2, 0),
(158, 6, 39, 4, 0),
(159, 6, 40, 1, 1),
(160, 7, 1, 2, 1),
(161, 7, 2, 2, 1),
(162, 7, 3, 2, 1),
(163, 7, 4, 2, 1),
(164, 7, 5, 2, 1),
(165, 7, 6, 2, 1),
(166, 7, 7, 2, 1),
(167, 7, 8, 2, 1),
(168, 7, 9, 2, 1),
(169, 7, 10, 2, 1),
(170, 7, 11, 2, 1),
(171, 7, 12, 2, 1),
(172, 7, 13, 2, 1),
(173, 7, 14, 2, 1),
(174, 7, 15, 2, 1),
(175, 7, 16, 2, 1),
(176, 7, 17, 2, 1),
(177, 7, 18, 2, 1),
(178, 7, 19, 2, 1),
(179, 7, 20, 2, 1),
(180, 7, 21, 2, 1),
(181, 7, 22, 2, 1),
(182, 7, 23, 2, 0),
(183, 7, 24, 0, 5),
(184, 7, 25, 2, 1),
(185, 7, 26, 1, 3),
(186, 7, 27, 3, 1),
(187, 7, 28, 2, 1),
(188, 7, 29, 3, 1),
(189, 7, 30, 3, 1),
(190, 7, 31, 1, 3),
(191, 7, 32, 1, 2),
(192, 7, 33, 1, 3),
(193, 7, 34, 1, 2),
(194, 7, 35, 1, 2),
(195, 7, 36, 2, 1),
(196, 7, 37, 2, 1),
(197, 7, 38, 2, 1),
(198, 7, 39, 1, 2),
(199, 7, 40, 2, 1),
(200, 8, 1, 1, 0),
(201, 8, 2, 3, 2),
(202, 8, 3, 1, 0),
(203, 8, 4, 3, 1),
(204, 8, 5, 2, 1),
(205, 8, 6, 3, 0),
(206, 8, 7, 2, 0),
(207, 8, 8, 1, 0),
(208, 8, 9, 2, 1),
(209, 8, 10, 4, 1),
(210, 8, 11, 2, 2),
(211, 8, 12, 2, 1),
(212, 8, 13, 2, 0),
(213, 8, 14, 3, 1),
(214, 8, 15, 3, 3),
(215, 8, 16, 2, 2),
(216, 8, 17, 1, 0),
(217, 8, 18, 3, 1),
(218, 8, 19, 5, 2),
(219, 8, 20, 2, 1),
(220, 8, 21, 2, 0),
(221, 8, 22, 4, 1),
(222, 8, 23, 5, 0),
(223, 8, 24, 7, 0),
(224, 8, 25, 1, 3),
(225, 8, 26, 0, 10),
(226, 8, 27, 4, 2),
(227, 8, 28, 3, 1),
(228, 8, 29, 2, 2),
(229, 8, 30, 3, 0),
(230, 8, 31, 2, 1),
(231, 8, 32, 1, 3),
(232, 8, 33, 0, 3),
(233, 8, 34, 1, 2),
(234, 8, 35, 1, 3),
(235, 8, 36, 1, 1),
(236, 8, 37, 2, 2),
(237, 8, 38, 3, 1),
(238, 8, 39, 3, 0),
(239, 8, 40, 0, 2),
(240, 16, 1, 3, 1),
(241, 16, 2, 2, 1),
(242, 16, 3, 1, 0),
(243, 16, 4, 2, 1),
(244, 16, 5, 1, 1),
(245, 16, 6, 2, 0),
(246, 16, 7, 3, 1),
(247, 16, 8, 2, 1),
(248, 16, 9, 2, 0),
(249, 16, 10, 3, 1),
(250, 16, 11, 2, 1),
(251, 16, 12, 1, 0),
(252, 16, 13, 0, 2),
(253, 16, 14, 2, 1),
(254, 16, 15, 3, 0),
(255, 16, 16, 0, 3),
(256, 16, 17, 2, 0),
(257, 16, 18, 3, 1),
(258, 16, 19, 2, 1),
(259, 16, 20, 0, 2),
(260, 16, 21, 2, 0),
(261, 16, 22, 2, 0),
(262, 16, 23, 4, 1),
(263, 16, 24, 0, 12),
(264, 16, 25, 1, 3),
(265, 16, 26, 0, 5),
(266, 16, 27, 2, 1),
(267, 16, 28, 1, 2),
(268, 16, 29, 3, 1),
(269, 16, 30, 2, 0),
(270, 16, 31, 1, 1),
(271, 16, 32, 2, 1),
(272, 16, 33, 1, 2),
(273, 16, 34, 0, 2),
(274, 16, 35, 1, 3),
(275, 16, 36, 3, 1),
(276, 16, 37, 1, 0),
(277, 16, 38, 2, 0),
(278, 16, 39, 1, 3),
(279, 16, 40, 4, 1),
(280, 17, 1, 3, 1),
(281, 17, 2, 2, 0),
(282, 17, 3, 3, 1),
(283, 17, 4, 2, 2),
(284, 17, 5, 1, 3),
(285, 17, 6, 4, 1),
(286, 17, 7, 1, 0),
(287, 17, 8, 1, 1),
(288, 17, 9, 2, 1),
(289, 17, 10, 1, 2),
(290, 17, 11, 2, 0),
(291, 17, 12, 3, 1),
(292, 17, 13, 1, 1),
(293, 17, 14, 2, 1),
(294, 17, 15, 4, 3),
(295, 17, 16, 1, 3),
(296, 17, 17, 2, 3),
(297, 17, 18, 2, 2),
(298, 17, 19, 1, 0),
(299, 17, 20, 1, 4),
(300, 17, 21, 2, 0),
(301, 17, 22, 3, 1),
(302, 17, 23, 5, 0),
(303, 17, 24, 0, 6),
(304, 17, 25, 1, 1),
(305, 17, 26, 0, 5),
(306, 17, 27, 2, 2),
(307, 17, 28, 0, 2),
(308, 17, 29, 3, 0),
(309, 17, 30, 2, 0),
(310, 17, 31, 0, 1),
(311, 17, 32, 1, 1),
(312, 17, 33, 1, 4),
(313, 17, 34, 0, 0),
(314, 17, 35, 0, 2),
(315, 17, 36, 1, 3),
(316, 17, 37, 2, 0),
(317, 17, 38, 1, 0),
(318, 17, 39, 1, 2),
(319, 17, 40, 2, 1),
(320, 18, 1, 2, 1),
(321, 18, 2, 2, 2),
(322, 18, 3, 1, 2),
(323, 18, 4, 2, 0),
(324, 18, 5, 2, 1),
(325, 18, 6, 1, 0),
(326, 18, 7, 3, 2),
(327, 18, 8, 0, 2),
(328, 18, 9, 1, 2),
(329, 18, 10, 1, 0),
(330, 18, 11, 2, 0),
(331, 18, 12, 1, 0),
(332, 18, 13, 1, 0),
(333, 18, 14, 1, 1),
(334, 18, 15, 0, 2),
(335, 18, 16, 1, 0),
(336, 18, 17, 3, 1),
(337, 18, 18, 2, 1),
(338, 18, 19, 1, 1),
(339, 18, 20, 0, 2),
(340, 18, 21, 1, 2),
(341, 18, 22, 3, 1),
(342, 18, 23, 2, 1),
(343, 18, 24, 1, 4),
(344, 18, 25, 2, 2),
(345, 18, 26, 0, 6),
(346, 18, 27, 2, 1),
(347, 18, 28, 1, 2),
(348, 18, 29, 2, 1),
(349, 18, 30, 2, 1),
(350, 18, 31, 1, 2),
(351, 18, 32, 2, 1),
(352, 18, 33, 2, 1),
(353, 18, 34, 3, 1),
(354, 18, 35, 2, 2),
(355, 18, 36, 1, 3),
(356, 18, 37, 1, 2),
(357, 18, 38, 1, 0),
(358, 18, 39, 3, 1),
(359, 18, 40, 1, 0),
(360, 19, 1, 1, 1),
(361, 19, 2, 1, 1),
(362, 19, 3, 2, 0),
(363, 19, 4, 1, 2),
(364, 19, 5, 1, 1),
(365, 19, 6, 2, 1),
(366, 19, 7, 2, 1),
(367, 19, 8, 2, 1),
(368, 19, 9, 2, 1),
(369, 19, 10, 2, 1),
(370, 19, 11, 2, 1),
(371, 19, 12, 3, 1),
(372, 19, 13, 1, 2),
(373, 19, 14, 1, 2),
(374, 19, 15, 1, 1),
(375, 19, 16, 1, 1),
(376, 19, 17, 2, 1),
(377, 19, 18, 2, 1),
(378, 19, 19, 1, 2),
(379, 19, 20, 1, 2),
(380, 19, 21, 2, 1),
(381, 19, 22, 2, 0),
(382, 19, 23, 2, 2),
(383, 19, 24, 0, 8),
(384, 19, 25, 0, 0),
(385, 19, 26, 0, 2),
(386, 19, 27, 2, 0),
(387, 19, 28, 0, 2),
(388, 19, 29, 2, 0),
(389, 19, 30, 2, 0),
(390, 19, 31, 0, 2),
(391, 19, 32, 2, 0),
(392, 19, 33, 0, 2),
(393, 19, 34, 2, 1),
(394, 19, 35, 2, 1),
(395, 19, 36, 1, 2),
(396, 19, 37, 2, 1),
(397, 19, 38, 2, 1),
(398, 19, 39, 2, 1),
(399, 19, 40, 1, 2),
(400, 20, 1, 0, 1),
(401, 20, 2, 2, 1),
(402, 20, 3, 3, 0),
(403, 20, 4, 2, 2),
(404, 20, 5, 0, 3),
(405, 20, 6, 1, 1),
(406, 20, 7, 1, 0),
(407, 20, 8, 0, 2),
(408, 20, 9, 1, 1),
(409, 20, 10, 0, 2),
(410, 20, 11, 2, 2),
(411, 20, 12, 2, 0),
(412, 20, 13, 1, 1),
(413, 20, 14, 1, 3),
(414, 20, 15, 2, 2),
(415, 20, 16, 0, 4),
(416, 20, 17, 2, 1),
(417, 20, 18, 1, 1),
(418, 20, 19, 2, 0),
(419, 20, 20, 0, 3),
(420, 20, 21, 4, 0),
(421, 20, 22, 2, 0),
(422, 20, 23, 2, 1),
(423, 20, 24, 0, 6),
(424, 20, 25, 1, 1),
(425, 20, 26, 0, 3),
(426, 20, 27, 2, 0),
(427, 20, 28, 1, 1),
(428, 20, 29, 1, 0),
(429, 20, 30, 2, 1),
(430, 20, 31, 1, 0),
(431, 20, 32, 1, 1),
(432, 20, 33, 1, 2),
(433, 20, 34, 1, 1),
(434, 20, 35, 0, 2),
(435, 20, 36, 1, 1),
(436, 20, 37, 0, 2),
(437, 20, 38, 2, 1),
(438, 20, 39, 3, 1),
(439, 20, 40, 2, 0),
(440, 21, 1, 1, 1),
(441, 21, 2, 1, 0),
(442, 21, 3, 3, 0),
(443, 21, 4, 0, 2),
(444, 21, 5, 2, 2),
(445, 21, 6, 2, 0),
(446, 21, 7, 3, 1),
(447, 21, 8, 1, 1),
(448, 21, 9, 2, 0),
(449, 21, 10, 1, 1),
(450, 21, 11, 3, 3),
(451, 21, 12, 2, 0),
(452, 21, 13, 1, 3),
(453, 21, 14, 2, 1),
(454, 21, 15, 1, 1),
(455, 21, 16, 1, 2),
(456, 21, 17, 2, 0),
(457, 21, 18, 1, 0),
(458, 21, 19, 1, 3),
(459, 21, 20, 0, 4),
(460, 21, 21, 1, 2),
(461, 21, 22, 3, 1),
(462, 21, 23, 2, 0),
(463, 21, 24, 0, 11),
(464, 21, 25, 2, 2),
(465, 21, 26, 0, 5),
(466, 21, 27, 3, 1),
(467, 21, 28, 1, 1),
(468, 21, 29, 1, 1),
(469, 21, 30, 3, 2),
(470, 21, 31, 2, 0),
(471, 21, 32, 3, 3),
(472, 21, 33, 1, 4),
(473, 21, 34, 1, 0),
(474, 21, 35, 0, 2),
(475, 21, 36, 1, 1),
(476, 21, 37, 1, 0),
(477, 21, 38, 2, 1),
(478, 21, 39, 3, 0),
(479, 21, 40, 3, 2),
(480, 23, 1, 0, 2),
(481, 23, 2, 2, 1),
(482, 23, 3, 2, 1),
(483, 23, 4, 1, 1),
(484, 23, 5, 1, 3),
(485, 23, 6, 1, 0),
(486, 23, 7, 0, 0),
(487, 23, 8, 2, 1),
(488, 23, 9, 1, 0),
(489, 23, 10, 2, 2),
(490, 23, 11, 2, 1),
(491, 23, 12, 1, 0),
(492, 23, 13, 0, 2),
(493, 23, 14, 1, 0),
(494, 23, 15, 1, 1),
(495, 23, 16, 0, 1),
(496, 23, 17, 2, 1),
(497, 23, 18, 3, 1),
(498, 23, 19, 0, 2),
(499, 23, 20, 0, 2),
(500, 23, 21, 1, 1),
(501, 23, 22, 2, 0),
(502, 23, 23, 2, 0),
(503, 23, 24, 0, 4),
(504, 23, 25, 1, 1),
(505, 23, 26, 0, 2),
(506, 23, 27, 2, 0),
(507, 23, 28, 1, 1),
(508, 23, 29, 2, 1),
(509, 23, 30, 2, 0),
(510, 23, 31, 1, 2),
(511, 23, 32, 2, 1),
(512, 23, 33, 0, 1),
(513, 23, 34, 1, 1),
(514, 23, 35, 2, 1),
(515, 23, 36, 0, 2),
(516, 23, 37, 1, 0),
(517, 23, 38, 0, 1),
(518, 23, 39, 2, 1),
(519, 23, 40, 1, 1),
(520, 24, 1, 2, 0),
(521, 24, 2, 1, 1),
(522, 24, 3, 2, 1),
(523, 24, 4, 3, 0),
(524, 24, 5, 2, 1),
(525, 24, 6, 2, 0),
(526, 24, 7, 2, 2),
(527, 24, 8, 1, 3),
(528, 24, 9, 1, 0),
(529, 24, 10, 2, 2),
(530, 24, 11, 0, 1),
(531, 24, 12, 2, 1),
(532, 24, 13, 1, 1),
(533, 24, 14, 2, 0),
(534, 24, 15, 3, 1),
(535, 24, 16, 1, 2),
(536, 24, 17, 2, 0),
(537, 24, 18, 1, 1),
(538, 24, 19, 2, 0),
(539, 24, 20, 3, 2),
(540, 24, 21, 1, 1),
(541, 24, 22, 2, 0),
(542, 24, 23, 2, 0),
(543, 24, 24, 0, 9),
(544, 24, 25, 1, 2),
(545, 24, 26, 0, 6),
(546, 24, 27, 2, 0),
(547, 24, 28, 1, 3),
(548, 24, 29, 2, 1),
(549, 24, 30, 3, 0),
(550, 24, 31, 0, 2),
(551, 24, 32, 1, 1),
(552, 24, 33, 1, 2),
(553, 24, 34, 2, 1),
(554, 24, 35, 0, 0),
(555, 24, 36, 1, 2),
(556, 24, 37, 2, 1),
(557, 24, 38, 1, 0),
(558, 24, 39, 1, 1),
(559, 24, 40, 2, 0),
(560, 25, 1, 2, 2),
(561, 25, 2, 1, 0),
(562, 25, 3, 0, 0),
(563, 25, 4, 3, 1),
(564, 25, 5, 2, 2),
(565, 25, 6, 2, 0),
(566, 25, 7, 2, 0),
(567, 25, 8, 3, 3),
(568, 25, 9, 2, 1),
(569, 25, 10, 1, 0),
(570, 25, 11, 2, 1),
(571, 25, 12, 1, 1),
(572, 25, 13, 0, 3),
(573, 25, 14, 1, 0),
(574, 25, 15, 0, 1),
(575, 25, 16, 0, 2),
(576, 25, 17, 2, 1),
(577, 25, 18, 3, 2),
(578, 25, 19, 1, 1),
(579, 25, 20, 0, 0),
(580, 25, 21, 2, 0),
(581, 25, 22, 2, 0),
(582, 25, 23, 3, 0),
(583, 25, 24, 0, 6),
(584, 25, 25, 1, 1),
(585, 25, 26, 0, 4),
(586, 25, 27, 2, 0),
(587, 25, 28, 1, 3),
(588, 25, 29, 1, 0),
(589, 25, 30, 3, 0),
(590, 25, 31, 1, 2),
(591, 25, 32, 2, 0),
(592, 25, 33, 0, 2),
(593, 25, 34, 1, 1),
(594, 25, 35, 0, 0),
(595, 25, 36, 1, 1),
(596, 25, 37, 1, 0),
(597, 25, 38, 1, 0),
(598, 25, 39, 3, 0),
(599, 25, 40, 1, 2),
(600, 26, 1, 0, 1),
(601, 26, 2, 1, 0),
(602, 26, 3, 3, 0),
(603, 26, 4, 1, 1),
(604, 26, 5, 2, 2),
(605, 26, 6, 2, 1),
(606, 26, 7, 2, 0),
(607, 26, 8, 0, 2),
(608, 26, 9, 3, 1),
(609, 26, 10, 2, 2),
(610, 26, 11, 3, 3),
(611, 26, 12, 2, 0),
(612, 26, 13, 0, 3),
(613, 26, 14, 1, 1),
(614, 26, 15, 1, 3),
(615, 26, 16, 2, 2),
(616, 26, 17, 0, 2),
(617, 26, 18, 1, 2),
(618, 26, 19, 1, 1),
(619, 26, 20, 1, 3),
(620, 26, 21, 2, 1),
(621, 26, 22, 2, 0),
(622, 26, 23, 2, 1),
(623, 26, 24, 0, 6),
(624, 26, 25, 1, 1),
(625, 26, 26, 1, 4),
(626, 26, 27, 2, 0),
(627, 26, 28, 2, 1),
(628, 26, 29, 1, 1),
(629, 26, 30, 3, 0),
(630, 26, 31, 2, 1),
(631, 26, 32, 2, 2),
(632, 26, 33, 1, 0),
(633, 26, 34, 0, 0),
(634, 26, 35, 1, 3),
(635, 26, 36, 1, 1),
(636, 26, 37, 1, 1),
(637, 26, 38, 1, 0),
(638, 26, 39, 3, 0),
(639, 26, 40, 2, 2),
(640, 28, 1, 1, 2),
(641, 28, 2, 0, 2),
(642, 28, 3, 2, 0),
(643, 28, 4, 1, 1),
(644, 28, 5, 1, 3),
(645, 28, 6, 2, 2),
(646, 28, 7, 1, 1),
(647, 28, 8, 2, 3),
(648, 28, 9, 1, 2),
(649, 28, 10, 2, 2),
(650, 28, 11, 2, 1),
(651, 28, 12, 2, 1),
(652, 28, 13, 2, 2),
(653, 28, 14, 2, 1),
(654, 28, 15, 1, 2),
(655, 28, 16, 1, 3),
(656, 28, 17, 2, 1),
(657, 28, 18, 3, 2),
(658, 28, 19, 1, 1),
(659, 28, 20, 0, 3),
(660, 28, 21, 2, 1),
(661, 28, 22, 2, 1),
(662, 28, 23, 1, 1),
(663, 28, 24, 1, 5),
(664, 28, 25, 2, 1),
(665, 28, 26, 1, 3),
(666, 28, 27, 3, 1),
(667, 28, 28, 2, 1),
(668, 28, 29, 2, 1),
(669, 28, 30, 3, 1),
(670, 28, 31, 2, 3),
(671, 28, 32, 3, 1),
(672, 28, 33, 2, 3),
(673, 28, 34, 1, 3),
(674, 28, 35, 2, 2),
(675, 28, 36, 2, 1),
(676, 28, 37, 2, 0),
(677, 28, 38, 2, 1),
(678, 28, 39, 2, 0),
(679, 28, 40, 3, 2),
(680, 29, 1, 2, 1),
(681, 29, 2, 2, 0),
(682, 29, 3, 1, 1),
(683, 29, 4, 3, 0),
(684, 29, 5, 1, 0),
(685, 29, 6, 2, 0),
(686, 29, 7, 3, 1),
(687, 29, 8, 1, 0),
(688, 29, 9, 1, 1),
(689, 29, 10, 2, 1),
(690, 29, 11, 3, 1),
(691, 29, 12, 2, 1),
(692, 29, 13, 0, 1),
(693, 29, 14, 2, 0),
(694, 29, 15, 3, 2),
(695, 29, 16, 2, 1),
(696, 29, 17, 3, 2),
(697, 29, 18, 3, 3),
(698, 29, 19, 2, 1),
(699, 29, 20, 3, 2),
(700, 29, 21, 4, 1),
(701, 29, 22, 3, 0),
(702, 29, 23, 4, 1),
(703, 29, 24, 8, 0),
(704, 29, 25, 1, 1),
(705, 29, 26, 0, 2),
(706, 29, 27, 2, 1),
(707, 29, 28, 2, 3),
(708, 29, 29, 3, 1),
(709, 29, 30, 3, 0),
(710, 29, 31, 2, 1),
(711, 29, 32, 1, 0),
(712, 29, 33, 0, 2),
(713, 29, 34, 1, 1),
(714, 29, 35, 0, 2),
(715, 29, 36, 1, 2),
(716, 29, 37, 2, 1),
(717, 29, 38, 2, 0),
(718, 29, 39, 0, 1),
(719, 29, 40, 1, 0),
(720, 30, 1, 2, 0),
(721, 30, 2, 3, 2),
(722, 30, 3, 3, 0),
(723, 30, 4, 1, 1),
(724, 30, 5, 2, 1),
(725, 30, 6, 1, 1),
(726, 30, 7, 2, 3),
(727, 30, 8, 2, 1),
(728, 30, 9, 1, 1),
(729, 30, 10, 3, 1),
(730, 30, 11, 3, 0),
(731, 30, 12, 2, 0),
(732, 30, 13, 2, 2),
(733, 30, 14, 2, 1),
(734, 30, 15, 3, 1),
(735, 30, 16, 2, 3),
(736, 30, 17, 4, 0),
(737, 30, 18, 2, 1),
(738, 30, 19, 3, 2),
(739, 30, 20, 1, 2),
(740, 30, 21, 3, 0),
(741, 30, 22, 4, 0),
(742, 30, 23, 5, 0),
(743, 30, 24, 8, 0),
(744, 30, 25, 3, 2),
(745, 30, 26, 0, 4),
(746, 30, 27, 5, 1),
(747, 30, 28, 2, 3),
(748, 30, 29, 3, 0),
(749, 30, 30, 1, 0),
(750, 30, 31, 2, 2),
(751, 30, 32, 2, 2),
(752, 30, 33, 1, 4),
(753, 30, 34, 3, 0),
(754, 30, 35, 0, 1),
(755, 30, 36, 2, 4),
(756, 30, 37, 2, 2),
(757, 30, 38, 2, 1),
(758, 30, 39, 1, 1),
(759, 30, 40, 2, 0),
(760, 31, 1, 2, 1),
(761, 31, 2, 2, 1),
(762, 31, 3, 2, 0),
(763, 31, 4, 2, 1),
(764, 31, 5, 2, 1),
(765, 31, 6, 2, 0),
(766, 31, 7, 2, 1),
(767, 31, 8, 2, 1),
(768, 31, 9, 1, 2),
(769, 31, 10, 1, 2),
(770, 31, 11, 2, 1),
(771, 31, 12, 2, 1),
(772, 31, 13, 1, 2),
(773, 31, 14, 2, 0),
(774, 31, 15, 1, 1),
(775, 31, 16, 1, 2),
(776, 31, 17, 2, 1),
(777, 31, 18, 2, 0),
(778, 31, 19, 2, 1),
(779, 31, 20, 1, 3),
(780, 31, 21, 1, 1),
(781, 31, 22, 2, 0),
(782, 31, 23, 2, 0),
(783, 31, 24, 0, 6),
(784, 31, 25, 0, 0),
(785, 31, 26, 0, 4),
(786, 31, 27, 2, 0),
(787, 31, 28, 0, 1),
(788, 31, 29, 2, 0),
(789, 31, 30, 2, 0),
(790, 31, 31, 0, 1),
(791, 31, 32, 2, 0),
(792, 31, 33, 0, 1),
(793, 31, 34, 2, 1),
(794, 31, 35, 1, 1),
(795, 31, 36, 1, 3),
(796, 31, 37, 1, 2),
(797, 31, 38, 2, 1),
(798, 31, 39, 2, 0),
(799, 31, 40, 2, 1),
(800, 32, 1, 2, 1),
(801, 32, 2, 2, 0),
(802, 32, 3, 4, 0),
(803, 32, 4, 2, 1),
(804, 32, 5, 4, 0),
(805, 32, 6, 2, 0),
(806, 32, 7, 2, 0),
(807, 32, 8, 1, 1),
(808, 32, 9, 0, 1),
(809, 32, 10, 4, 1),
(810, 32, 11, 3, 1),
(811, 32, 12, 0, 2),
(812, 32, 13, 1, 3),
(813, 32, 14, 4, 1),
(814, 32, 15, 1, 1),
(815, 32, 16, 0, 3),
(816, 32, 17, 1, 5),
(817, 32, 18, 3, 2),
(818, 32, 19, 4, 2),
(819, 32, 20, 0, 4),
(820, 32, 21, 2, 1),
(821, 32, 22, 2, 0),
(822, 32, 23, 3, 0),
(823, 32, 24, 0, 8),
(824, 32, 25, 0, 1),
(825, 33, 1, 0, 2),
(826, 33, 2, 1, 1),
(827, 33, 3, 2, 1),
(828, 33, 4, 1, 1),
(829, 33, 5, 2, 0),
(830, 33, 6, 1, 1),
(831, 33, 7, 2, 0),
(832, 33, 8, 1, 1),
(833, 33, 9, 2, 1),
(834, 33, 10, 2, 1),
(835, 33, 11, 3, 0),
(836, 33, 12, 0, 2),
(837, 33, 13, 1, 3),
(838, 33, 14, 1, 1),
(839, 33, 15, 1, 1),
(840, 33, 16, 2, 1),
(841, 33, 17, 2, 0),
(842, 33, 18, 2, 0),
(843, 33, 19, 2, 3),
(844, 33, 20, 0, 3),
(845, 33, 21, 2, 1),
(846, 33, 22, 2, 0),
(847, 33, 23, 2, 0),
(848, 33, 24, 0, 6),
(849, 33, 25, 2, 1),
(850, 33, 26, 0, 4),
(851, 33, 27, 2, 0),
(852, 33, 28, 1, 1),
(853, 33, 29, 2, 0),
(854, 33, 30, 2, 0),
(855, 33, 31, 1, 1),
(856, 33, 32, 2, 1),
(857, 33, 33, 0, 2),
(858, 33, 34, 1, 1),
(859, 33, 35, 0, 1),
(860, 33, 36, 1, 1),
(861, 33, 37, 2, 1),
(862, 33, 38, 1, 0),
(863, 33, 39, 2, 1),
(864, 33, 40, 1, 1),
(865, 34, 1, 2, 2),
(866, 34, 2, 1, 0),
(867, 34, 3, 0, 0),
(868, 34, 4, 2, 0),
(869, 34, 5, 3, 2),
(870, 34, 6, 0, 1),
(871, 34, 7, 1, 1),
(872, 34, 8, 1, 1),
(873, 34, 9, 2, 1),
(874, 34, 10, 0, 1),
(875, 34, 11, 4, 1),
(876, 34, 12, 3, 0),
(877, 34, 13, 0, 2),
(878, 34, 14, 2, 1),
(879, 34, 15, 0, 1),
(880, 34, 16, 1, 1),
(881, 34, 17, 2, 2),
(882, 34, 18, 2, 1),
(883, 34, 19, 1, 2),
(884, 34, 20, 0, 2),
(885, 34, 21, 2, 2),
(886, 34, 22, 2, 0),
(887, 34, 23, 3, 1),
(888, 34, 24, 0, 4),
(889, 34, 25, 1, 1),
(890, 34, 26, 1, 3),
(891, 34, 27, 2, 0),
(892, 34, 28, 1, 2),
(893, 34, 29, 1, 0),
(894, 34, 30, 4, 1),
(895, 34, 31, 2, 3),
(896, 34, 32, 1, 2),
(897, 34, 33, 1, 2),
(898, 34, 34, 1, 2),
(899, 34, 35, 2, 0),
(900, 34, 36, 0, 2),
(901, 34, 37, 1, 0),
(902, 34, 38, 0, 1),
(903, 34, 39, 3, 0),
(904, 34, 40, 2, 0),
(905, 35, 1, 2, 1),
(906, 35, 2, 2, 0),
(907, 35, 3, 3, 1),
(908, 35, 4, 1, 1),
(909, 35, 5, 2, 1),
(910, 35, 6, 1, 1),
(911, 35, 7, 2, 1),
(912, 35, 8, 2, 1),
(913, 35, 9, 1, 1),
(914, 35, 10, 3, 2),
(915, 35, 11, 3, 1),
(916, 35, 12, 0, 1),
(917, 35, 13, 2, 1),
(918, 35, 14, 3, 1),
(919, 35, 15, 1, 2),
(920, 35, 16, 0, 3),
(921, 35, 17, 1, 1),
(922, 35, 18, 3, 1),
(923, 35, 19, 2, 2),
(924, 35, 20, 1, 2),
(925, 35, 21, 2, 2),
(926, 35, 22, 2, 0),
(927, 35, 23, 3, 1),
(928, 35, 24, 0, 4),
(929, 35, 25, 2, 1),
(930, 35, 26, 0, 2),
(931, 35, 27, 2, 1),
(932, 35, 28, 1, 1),
(933, 35, 29, 3, 1),
(934, 35, 30, 2, 2),
(935, 35, 31, 2, 1),
(936, 35, 32, 2, 0),
(937, 35, 33, 0, 3),
(938, 35, 34, 1, 2),
(939, 35, 35, 0, 2),
(940, 35, 36, 2, 1),
(941, 35, 37, 1, 1),
(942, 35, 38, 0, 1),
(943, 35, 39, 1, 2),
(944, 35, 40, 1, 2),
(945, 36, 1, 0, 1),
(946, 36, 2, 1, 1),
(947, 36, 3, 2, 0),
(948, 36, 4, 1, 2),
(949, 36, 5, 2, 2),
(950, 36, 6, 2, 1),
(951, 36, 7, 4, 1),
(952, 36, 8, 3, 1),
(953, 36, 9, 1, 2),
(954, 36, 10, 2, 1),
(955, 36, 11, 3, 1),
(956, 36, 12, 1, 2),
(957, 36, 13, 0, 3),
(958, 36, 14, 1, 1),
(959, 36, 15, 1, 2),
(960, 36, 16, 3, 1),
(961, 36, 17, 2, 1),
(962, 36, 18, 3, 1),
(963, 36, 19, 1, 3),
(964, 36, 20, 1, 3),
(965, 36, 21, 1, 2),
(966, 36, 22, 3, 1),
(967, 36, 23, 2, 1),
(968, 36, 24, 0, 6),
(969, 36, 25, 2, 1),
(970, 36, 26, 0, 4),
(971, 36, 27, 3, 0),
(972, 36, 28, 1, 2),
(973, 36, 29, 3, 1),
(974, 36, 30, 3, 0),
(975, 36, 31, 0, 2),
(976, 36, 32, 3, 0),
(977, 36, 33, 0, 2),
(978, 36, 34, 1, 1),
(979, 36, 35, 1, 2),
(980, 36, 36, 1, 0),
(981, 36, 37, 2, 1),
(982, 36, 38, 1, 1),
(983, 36, 39, 2, 0),
(984, 36, 40, 1, 0),
(985, 37, 1, 1, 1),
(986, 37, 2, 2, 1),
(987, 37, 3, 3, 1),
(988, 37, 4, 0, 1),
(989, 37, 5, 1, 1),
(990, 37, 6, 2, 1),
(991, 37, 7, 1, 0),
(992, 37, 8, 0, 0),
(993, 37, 9, 2, 0),
(994, 37, 10, 2, 1),
(995, 37, 11, 2, 0),
(996, 37, 12, 2, 0),
(997, 37, 13, 0, 2),
(998, 37, 14, 2, 1),
(999, 37, 15, 3, 1),
(1000, 37, 16, 1, 2),
(1001, 37, 17, 2, 1),
(1002, 37, 18, 2, 0),
(1003, 37, 19, 2, 2),
(1004, 37, 20, 1, 2),
(1005, 37, 21, 2, 1),
(1006, 37, 22, 4, 1),
(1007, 37, 23, 1, 0),
(1008, 37, 24, 0, 8),
(1009, 37, 25, 1, 1),
(1010, 37, 26, 0, 3),
(1011, 37, 27, 2, 1),
(1012, 37, 28, 0, 1),
(1013, 37, 29, 2, 0),
(1014, 37, 30, 1, 3),
(1015, 37, 31, 1, 1),
(1016, 37, 32, 2, 0),
(1017, 37, 33, 2, 2),
(1018, 37, 34, 0, 1),
(1019, 37, 35, 2, 0),
(1020, 37, 36, 0, 1),
(1021, 37, 37, 2, 1),
(1022, 37, 38, 2, 0),
(1023, 37, 39, 2, 0),
(1024, 37, 40, 2, 1),
(1025, 38, 1, 1, 2),
(1026, 38, 2, 2, 0),
(1027, 38, 3, 2, 0),
(1028, 38, 4, 0, 2),
(1029, 38, 5, 0, 3),
(1030, 38, 6, 2, 1),
(1031, 38, 7, 1, 0),
(1032, 38, 8, 0, 2),
(1033, 38, 9, 1, 3),
(1034, 38, 10, 2, 1),
(1035, 38, 11, 2, 0),
(1036, 38, 12, 1, 3),
(1037, 38, 13, 0, 2),
(1038, 38, 14, 2, 0),
(1039, 38, 15, 1, 2),
(1040, 38, 16, 1, 3),
(1041, 38, 17, 2, 1),
(1042, 38, 18, 1, 0),
(1043, 38, 19, 2, 1),
(1044, 38, 20, 0, 3),
(1045, 38, 21, 2, 0),
(1046, 38, 22, 3, 1),
(1047, 38, 23, 2, 0),
(1048, 38, 24, 0, 6),
(1049, 38, 25, 1, 2),
(1050, 38, 26, 1, 5),
(1051, 38, 27, 2, 1),
(1052, 38, 28, 0, 2),
(1053, 38, 29, 2, 1),
(1054, 38, 30, 2, 0),
(1055, 38, 31, 1, 3),
(1056, 38, 32, 2, 1),
(1057, 38, 33, 2, 0),
(1058, 38, 34, 2, 1),
(1059, 38, 35, 2, 1),
(1060, 38, 36, 2, 1),
(1061, 38, 37, 0, 2),
(1062, 38, 38, 2, 1),
(1063, 38, 39, 0, 2),
(1064, 38, 40, 2, 1),
(1065, 39, 1, 0, 2),
(1066, 39, 2, 1, 2),
(1067, 39, 3, 2, 1),
(1068, 39, 4, 0, 3),
(1069, 39, 5, 1, 3),
(1070, 39, 6, 2, 1),
(1071, 39, 7, 1, 0),
(1072, 39, 8, 0, 2),
(1073, 39, 9, 2, 0),
(1074, 39, 10, 1, 2),
(1075, 39, 11, 1, 2),
(1076, 39, 12, 2, 1),
(1077, 39, 13, 0, 2),
(1078, 39, 14, 1, 2),
(1079, 39, 15, 1, 3),
(1080, 39, 16, 0, 1),
(1081, 39, 17, 1, 0),
(1082, 39, 18, 2, 1),
(1083, 39, 19, 0, 3),
(1084, 39, 20, 0, 3),
(1085, 39, 21, 2, 0),
(1086, 39, 22, 2, 0),
(1087, 39, 23, 3, 1),
(1088, 39, 24, 0, 6),
(1089, 39, 25, 2, 1),
(1090, 39, 26, 0, 3),
(1091, 39, 27, 2, 1),
(1092, 39, 28, 1, 1),
(1093, 39, 29, 1, 0),
(1094, 39, 30, 3, 0),
(1095, 39, 31, 1, 2),
(1096, 39, 32, 1, 0),
(1097, 39, 33, 0, 2),
(1098, 39, 34, 2, 0),
(1099, 39, 35, 0, 1),
(1100, 39, 36, 1, 1),
(1101, 39, 37, 1, 0),
(1102, 39, 38, 2, 1),
(1103, 39, 39, 1, 2),
(1104, 39, 40, 2, 1),
(1105, 40, 1, 0, 2),
(1106, 40, 2, 0, 1),
(1107, 40, 3, 2, 1),
(1108, 40, 4, 1, 1),
(1109, 40, 5, 1, 3),
(1110, 40, 6, 1, 2),
(1111, 40, 7, 1, 0),
(1112, 40, 8, 0, 2),
(1113, 40, 9, 2, 1),
(1114, 40, 10, 1, 1),
(1115, 40, 11, 3, 1),
(1116, 40, 12, 3, 1),
(1117, 40, 13, 0, 2),
(1118, 40, 14, 1, 1),
(1119, 40, 15, 1, 1),
(1120, 40, 16, 0, 2),
(1121, 40, 17, 2, 0),
(1122, 40, 18, 3, 1),
(1123, 40, 19, 1, 1),
(1124, 40, 20, 0, 3),
(1125, 40, 21, 1, 1),
(1126, 40, 22, 2, 0),
(1127, 40, 23, 3, 0),
(1128, 40, 24, 0, 8),
(1129, 40, 25, 0, 1),
(1130, 40, 26, 0, 4),
(1131, 40, 27, 2, 1),
(1132, 40, 28, 1, 1),
(1133, 40, 29, 2, 1),
(1134, 40, 30, 2, 0),
(1135, 40, 31, 1, 2),
(1136, 40, 32, 1, 0),
(1137, 40, 33, 1, 2),
(1138, 40, 34, 1, 2),
(1139, 40, 35, 1, 2),
(1140, 40, 36, 1, 1),
(1141, 40, 37, 1, 1),
(1142, 40, 38, 2, 1),
(1143, 40, 39, 0, 1),
(1144, 40, 40, 2, 0),
(1145, 41, 1, 1, 0),
(1146, 41, 2, 1, 1),
(1147, 41, 3, 1, 0),
(1148, 41, 4, 1, 1),
(1149, 41, 5, 1, 1),
(1150, 41, 6, 1, 0),
(1151, 41, 7, 1, 0),
(1152, 41, 8, 1, 1),
(1153, 41, 9, 1, 0),
(1154, 41, 10, 1, 1),
(1155, 41, 11, 1, 0),
(1156, 41, 12, 1, 0),
(1157, 41, 13, 1, 2),
(1158, 41, 14, 1, 1),
(1159, 41, 15, 1, 1),
(1160, 41, 16, 1, 1),
(1161, 41, 17, 1, 0),
(1162, 41, 18, 1, 0),
(1163, 41, 19, 1, 0),
(1164, 41, 20, 1, 2),
(1165, 41, 21, 2, 1),
(1166, 41, 22, 3, 0),
(1167, 41, 23, 2, 0),
(1168, 41, 24, 0, 4),
(1169, 41, 25, 2, 2),
(1170, 41, 26, 0, 2),
(1171, 41, 27, 1, 2),
(1172, 41, 28, 1, 1),
(1173, 41, 29, 3, 1),
(1174, 41, 30, 2, 0),
(1175, 41, 31, 2, 2),
(1176, 41, 32, 2, 1),
(1177, 41, 33, 1, 2),
(1178, 41, 34, 1, 3),
(1179, 41, 35, 1, 1),
(1180, 41, 36, 1, 1),
(1181, 41, 37, 2, 1),
(1182, 41, 38, 1, 1),
(1183, 41, 39, 1, 2),
(1184, 41, 40, 1, 1),
(1185, 42, 1, 1, 1),
(1186, 42, 2, 2, 1),
(1187, 42, 3, 2, 0),
(1188, 42, 4, 1, 1),
(1189, 42, 5, 1, 1),
(1190, 42, 6, 3, 1),
(1191, 42, 7, 3, 1),
(1192, 42, 8, 2, 1),
(1193, 42, 9, 1, 1),
(1194, 42, 10, 2, 0),
(1195, 42, 11, 3, 1),
(1196, 42, 12, 3, 0),
(1197, 42, 13, 0, 1),
(1198, 42, 14, 2, 1),
(1199, 42, 15, 1, 1),
(1200, 42, 16, 1, 2),
(1201, 42, 17, 3, 1),
(1202, 42, 18, 2, 0),
(1203, 42, 19, 1, 1),
(1204, 42, 20, 0, 2),
(1205, 42, 21, 0, 0),
(1206, 42, 22, 3, 1),
(1207, 42, 23, 2, 0),
(1208, 42, 24, 0, 6),
(1209, 42, 25, 3, 1),
(1210, 42, 26, 0, 7),
(1211, 42, 27, 2, 0),
(1212, 42, 28, 1, 3),
(1213, 42, 29, 2, 0),
(1214, 42, 30, 3, 0),
(1215, 42, 31, 1, 1),
(1216, 42, 32, 2, 1),
(1217, 42, 33, 0, 1),
(1218, 42, 34, 2, 0),
(1219, 42, 35, 1, 2),
(1220, 42, 36, 0, 3),
(1221, 42, 37, 1, 1),
(1222, 42, 38, 3, 0),
(1223, 42, 39, 1, 2),
(1224, 42, 40, 2, 0),
(1225, 43, 1, 2, 2),
(1226, 43, 2, 2, 1),
(1227, 43, 3, 3, 1),
(1228, 43, 4, 0, 2),
(1229, 43, 5, 2, 1),
(1230, 43, 6, 1, 0),
(1231, 43, 7, 2, 0),
(1232, 43, 8, 1, 2),
(1233, 43, 9, 2, 2),
(1234, 43, 10, 2, 0),
(1235, 43, 11, 2, 1),
(1236, 43, 12, 2, 1),
(1237, 43, 13, 1, 3),
(1238, 43, 14, 1, 0),
(1239, 43, 15, 2, 2),
(1240, 43, 16, 2, 3),
(1241, 43, 17, 0, 2),
(1242, 43, 18, 2, 1),
(1243, 43, 19, 3, 1),
(1244, 43, 20, 0, 2),
(1245, 43, 21, 3, 2),
(1246, 43, 22, 3, 1),
(1247, 43, 23, 5, 0),
(1248, 43, 24, 0, 7),
(1249, 43, 25, 2, 1),
(1250, 43, 26, 0, 5),
(1251, 43, 27, 3, 1),
(1252, 43, 28, 1, 2),
(1253, 43, 29, 3, 0),
(1254, 43, 30, 2, 0),
(1255, 43, 31, 0, 3),
(1256, 43, 32, 1, 0),
(1257, 43, 33, 1, 3),
(1258, 43, 34, 2, 1),
(1259, 43, 35, 1, 2),
(1260, 43, 36, 0, 4),
(1261, 43, 37, 2, 2),
(1262, 43, 38, 1, 1),
(1263, 43, 39, 2, 0),
(1264, 43, 40, 3, 2),
(1265, 44, 1, 1, 1),
(1266, 44, 2, 2, 0),
(1267, 44, 3, 4, 1),
(1268, 44, 4, 1, 1),
(1269, 44, 5, 2, 1),
(1270, 44, 6, 3, 0),
(1271, 44, 7, 1, 1),
(1272, 44, 8, 0, 2),
(1273, 44, 9, 0, 1),
(1274, 44, 10, 1, 1),
(1275, 44, 11, 3, 1),
(1276, 44, 12, 3, 0),
(1277, 44, 13, 0, 1),
(1278, 44, 14, 2, 0),
(1279, 44, 15, 1, 1),
(1280, 44, 16, 0, 1),
(1281, 44, 17, 2, 1),
(1282, 44, 18, 2, 0),
(1283, 44, 19, 0, 1),
(1284, 44, 20, 0, 0),
(1285, 44, 21, 1, 1),
(1286, 44, 22, 2, 0),
(1287, 44, 23, 3, 1),
(1288, 44, 24, 0, 9),
(1289, 44, 25, 1, 0),
(1290, 44, 26, 1, 7),
(1291, 44, 27, 3, 1),
(1292, 44, 28, 1, 2),
(1293, 44, 29, 2, 0),
(1294, 44, 30, 4, 0),
(1295, 44, 31, 1, 1),
(1296, 44, 32, 3, 1),
(1297, 44, 33, 0, 2),
(1298, 44, 34, 1, 1),
(1299, 44, 35, 0, 2),
(1300, 44, 36, 0, 2),
(1301, 44, 37, 1, 1),
(1302, 44, 38, 0, 1),
(1303, 44, 39, 1, 0),
(1304, 44, 40, 1, 1),
(1305, 45, 1, 2, 2),
(1306, 45, 2, 3, 1),
(1307, 45, 3, 2, 0),
(1308, 45, 4, 1, 1),
(1309, 45, 5, 1, 2),
(1310, 45, 6, 3, 1),
(1311, 45, 7, 1, 0),
(1312, 45, 8, 0, 2),
(1313, 45, 9, 2, 2),
(1314, 45, 10, 3, 2),
(1315, 45, 11, 4, 1),
(1316, 45, 12, 3, 1),
(1317, 45, 13, 1, 1),
(1318, 45, 14, 3, 2),
(1319, 45, 15, 4, 2),
(1320, 45, 16, 1, 1),
(1321, 45, 17, 0, 0),
(1322, 45, 18, 2, 2),
(1323, 45, 19, 4, 5),
(1324, 45, 20, 1, 3),
(1325, 45, 21, 2, 2),
(1326, 45, 22, 3, 1),
(1327, 45, 23, 2, 0),
(1328, 45, 24, 0, 8),
(1329, 45, 25, 1, 1),
(1330, 45, 26, 0, 5),
(1331, 45, 27, 3, 1),
(1332, 45, 28, 2, 2),
(1333, 45, 29, 2, 0),
(1334, 45, 30, 3, 1),
(1335, 45, 31, 1, 1),
(1336, 45, 32, 0, 1),
(1337, 45, 33, 2, 3),
(1338, 45, 34, 2, 1),
(1339, 45, 35, 2, 2),
(1340, 45, 36, 0, 3),
(1341, 45, 37, 1, 0),
(1342, 45, 38, 1, 1),
(1343, 45, 39, 0, 0),
(1344, 45, 40, 1, 3),
(1345, 46, 1, 2, 1),
(1346, 46, 2, 2, 1),
(1347, 46, 3, 2, 1),
(1348, 46, 4, 2, 1),
(1349, 46, 5, 2, 1),
(1350, 46, 6, 2, 1),
(1351, 46, 7, 2, 1),
(1352, 46, 8, 2, 1),
(1353, 46, 9, 2, 1),
(1354, 46, 10, 2, 1),
(1355, 46, 11, 2, 1),
(1356, 46, 12, 2, 1),
(1357, 46, 13, 2, 1),
(1358, 46, 14, 2, 1),
(1359, 46, 15, 2, 1),
(1360, 46, 16, 2, 1),
(1361, 46, 17, 2, 1),
(1362, 46, 18, 2, 1),
(1363, 46, 19, 2, 1),
(1364, 46, 20, 2, 1),
(1365, 46, 21, 2, 1),
(1366, 46, 22, 2, 1),
(1367, 46, 23, 2, 0),
(1368, 46, 24, 0, 8),
(1369, 46, 25, 1, 1),
(1370, 46, 26, 0, 5),
(1371, 46, 27, 1, 1),
(1372, 46, 28, 1, 2),
(1373, 46, 29, 3, 0),
(1374, 46, 30, 3, 0),
(1375, 46, 31, 1, 1),
(1376, 46, 32, 2, 0),
(1377, 46, 33, 1, 2),
(1378, 46, 34, 1, 1),
(1379, 46, 35, 0, 1),
(1380, 46, 36, 1, 1),
(1381, 46, 37, 1, 0),
(1382, 46, 38, 2, 1),
(1383, 46, 39, 1, 0),
(1384, 46, 40, 1, 2),
(1385, 47, 1, 1, 2),
(1386, 47, 2, 2, 1),
(1387, 47, 3, 2, 0),
(1388, 47, 4, 2, 2),
(1389, 47, 5, 2, 1),
(1390, 47, 6, 3, 1),
(1391, 47, 7, 3, 1),
(1392, 47, 8, 2, 1),
(1393, 47, 9, 2, 0),
(1394, 47, 10, 3, 1),
(1395, 47, 11, 2, 0),
(1396, 47, 12, 3, 1),
(1397, 47, 13, 2, 2),
(1398, 47, 14, 2, 1),
(1399, 47, 15, 1, 1),
(1400, 47, 16, 1, 2),
(1401, 47, 17, 1, 3),
(1402, 47, 18, 1, 1),
(1403, 47, 19, 2, 2),
(1404, 47, 20, 1, 3),
(1405, 47, 21, 2, 1),
(1406, 47, 22, 2, 1),
(1407, 47, 23, 2, 0),
(1408, 47, 24, 1, 4),
(1409, 47, 25, 1, 1),
(1410, 47, 26, 0, 2),
(1411, 47, 27, 2, 1),
(1412, 47, 28, 1, 2),
(1413, 47, 29, 3, 1),
(1414, 47, 30, 2, 1),
(1415, 47, 31, 0, 2),
(1416, 47, 32, 3, 2),
(1417, 47, 33, 1, 2),
(1418, 47, 34, 1, 2),
(1419, 47, 35, 0, 2),
(1420, 47, 36, 1, 2),
(1421, 47, 37, 1, 1),
(1422, 47, 38, 2, 1),
(1423, 47, 39, 3, 1),
(1424, 47, 40, 2, 2),
(1425, 48, 1, 3, 2),
(1426, 48, 2, 1, 1),
(1427, 48, 3, 4, 1),
(1428, 48, 4, 0, 2),
(1429, 48, 5, 2, 1),
(1430, 48, 6, 3, 1),
(1431, 48, 7, 2, 0),
(1432, 48, 8, 1, 2),
(1433, 48, 9, 3, 1),
(1434, 48, 10, 1, 0),
(1435, 48, 11, 5, 1),
(1436, 48, 12, 2, 0),
(1437, 48, 13, 1, 3),
(1438, 48, 14, 1, 1),
(1439, 48, 15, 4, 1),
(1440, 48, 16, 2, 2),
(1441, 48, 17, 1, 3),
(1442, 48, 18, 3, 0),
(1443, 48, 19, 2, 1),
(1444, 48, 20, 1, 4),
(1445, 48, 21, 5, 0),
(1446, 48, 22, 4, 1),
(1447, 48, 23, 1, 0),
(1448, 48, 24, 0, 8),
(1449, 48, 25, 1, 1),
(1450, 48, 26, 1, 5),
(1451, 48, 27, 1, 2),
(1452, 48, 28, 1, 3),
(1453, 48, 29, 2, 0),
(1454, 48, 30, 5, 1),
(1455, 48, 31, 1, 3),
(1456, 48, 32, 2, 0),
(1457, 48, 33, 1, 1),
(1458, 48, 34, 0, 0),
(1459, 48, 35, 3, 1),
(1460, 48, 36, 1, 0),
(1461, 48, 37, 2, 1),
(1462, 48, 38, 1, 4),
(1463, 48, 39, 1, 3),
(1464, 48, 40, 2, 0),
(1465, 49, 1, 3, 2),
(1466, 49, 2, 2, 0),
(1467, 49, 3, 4, 1),
(1468, 49, 4, 1, 1),
(1469, 49, 5, 4, 3),
(1470, 49, 6, 2, 0),
(1471, 49, 7, 2, 1),
(1472, 49, 8, 2, 2),
(1473, 49, 9, 1, 0),
(1474, 49, 10, 3, 1),
(1475, 49, 11, 2, 0),
(1476, 49, 12, 1, 2),
(1477, 49, 13, 4, 2),
(1478, 49, 14, 1, 2),
(1479, 49, 15, 1, 1),
(1480, 49, 16, 2, 0),
(1481, 49, 17, 3, 1),
(1482, 49, 18, 2, 0),
(1483, 49, 19, 2, 2),
(1484, 49, 20, 0, 1),
(1485, 49, 21, 2, 1),
(1486, 49, 22, 1, 0),
(1487, 49, 23, 4, 1),
(1488, 49, 24, 0, 7),
(1489, 49, 25, 0, 0),
(1490, 49, 26, 0, 2),
(1491, 49, 27, 2, 1),
(1492, 49, 28, 1, 0),
(1493, 49, 29, 1, 0),
(1494, 49, 30, 4, 0),
(1495, 49, 31, 0, 2),
(1496, 49, 32, 0, 0),
(1497, 49, 33, 0, 2),
(1498, 49, 34, 1, 1),
(1499, 49, 35, 0, 2),
(1500, 49, 36, 0, 1),
(1501, 49, 37, 2, 2),
(1502, 49, 38, 2, 1),
(1503, 49, 39, 0, 1),
(1504, 49, 40, 2, 1);

-- --------------------------------------------------------

--
-- Tabellenstruktur für Tabelle `game`
--

CREATE TABLE IF NOT EXISTS `game` (
  `id` int(11) NOT NULL AUTO_INCREMENT,
  `home_team_id` int(11) DEFAULT NULL,
  `guest_team_id` int(11) DEFAULT NULL,
  `league_id` int(11) DEFAULT NULL,
  `homeTeamScore` int(11) DEFAULT NULL,
  `guestTeamScore` int(11) DEFAULT NULL,
  `match_day` int(11) DEFAULT NULL,
  `match_at` datetime DEFAULT NULL,
  PRIMARY KEY (`id`),
  KEY `IDX_232B318C9C4C13F6` (`home_team_id`),
  KEY `IDX_232B318C69A91CE2` (`guest_team_id`),
  KEY `IDX_232B318C58AFC4DE` (`league_id`)
) ENGINE=InnoDB  DEFAULT CHARSET=utf8 COLLATE=utf8_unicode_ci AUTO_INCREMENT=41 ;

--
-- Daten für Tabelle `game`
--

INSERT INTO `game` (`id`, `home_team_id`, `guest_team_id`, `league_id`, `homeTeamScore`, `guestTeamScore`, `match_day`, `match_at`) VALUES
(1, 1, 5, 1, 2, 4, NULL, '2016-09-10 00:00:00'),
(2, 1, 3, 1, NULL, NULL, NULL, '2016-09-21 00:00:00'),
(3, 1, 6, 1, NULL, NULL, NULL, '2016-10-08 00:00:00'),
(4, 1, 4, 1, NULL, NULL, NULL, '2016-10-15 00:00:00'),
(5, 1, 11, 1, NULL, NULL, NULL, '2016-11-05 00:00:00'),
(6, 1, 12, 1, NULL, NULL, NULL, '2016-03-25 00:00:00'),
(7, 1, 9, 1, NULL, NULL, NULL, '2017-04-01 00:00:00'),
(8, 1, 2, 1, NULL, NULL, NULL, '2017-04-15 00:00:00'),
(9, 1, 13, 1, NULL, NULL, NULL, '2017-04-29 00:00:00'),
(10, 1, 7, 1, NULL, NULL, NULL, '2017-05-13 00:00:00'),
(11, 1, 10, 1, NULL, NULL, NULL, '2017-06-03 00:00:00'),
(12, 15, 16, 2, 2, 6, NULL, '2016-09-10 00:00:00'),
(13, 15, 19, 2, 0, 1, NULL, '2016-09-24 00:00:00'),
(14, 15, 20, 2, NULL, NULL, NULL, '2016-08-10 00:00:00'),
(15, 15, 21, 2, NULL, NULL, NULL, '2016-10-15 00:00:00'),
(16, 15, 22, 2, NULL, NULL, NULL, '2016-11-05 00:00:00'),
(17, 15, 18, 2, NULL, NULL, NULL, '2017-03-25 00:00:00'),
(18, 15, 24, 2, NULL, NULL, NULL, '2016-04-01 00:00:00'),
(19, 15, 23, 2, NULL, NULL, NULL, '2017-04-29 00:00:00'),
(20, 15, 25, 2, NULL, NULL, NULL, '2017-05-13 00:00:00'),
(21, 15, 17, 2, NULL, NULL, NULL, '2017-06-03 00:00:00'),
(22, 63, 64, 5, NULL, NULL, NULL, '2016-10-08 00:00:00'),
(23, 63, 65, 5, NULL, NULL, NULL, '2016-10-11 00:00:00'),
(24, 66, 63, 5, NULL, NULL, NULL, '2016-11-13 00:00:00'),
(25, 67, 63, 5, NULL, NULL, NULL, '2016-11-15 00:00:00'),
(26, 68, 63, 5, NULL, NULL, NULL, '2017-03-26 00:00:00'),
(27, 30, 36, 3, NULL, NULL, 8, NULL),
(28, 27, 30, 3, NULL, NULL, 11, NULL),
(29, 30, 39, 3, NULL, NULL, 12, NULL),
(30, 30, 31, 3, NULL, NULL, 19, NULL),
(31, 36, 30, 3, NULL, NULL, 25, NULL),
(32, 30, 27, 3, NULL, NULL, 28, NULL),
(33, 39, 30, 3, NULL, NULL, 29, NULL),
(34, 55, 52, 4, NULL, NULL, 4, NULL),
(35, 62, 52, 4, NULL, NULL, 6, NULL),
(36, 52, 51, 4, NULL, NULL, 10, NULL),
(37, 52, 55, 4, NULL, NULL, 21, NULL),
(38, 52, 62, 4, NULL, NULL, 23, NULL),
(39, 51, 52, 4, NULL, NULL, 27, NULL),
(40, 52, 54, 4, NULL, NULL, 34, NULL);

-- --------------------------------------------------------

--
-- Tabellenstruktur für Tabelle `league`
--

CREATE TABLE IF NOT EXISTS `league` (
  `id` int(11) NOT NULL AUTO_INCREMENT,
  `name` varchar(255) COLLATE utf8_unicode_ci NOT NULL,
  PRIMARY KEY (`id`)
) ENGINE=InnoDB  DEFAULT CHARSET=utf8 COLLATE=utf8_unicode_ci AUTO_INCREMENT=6 ;

--
-- Daten für Tabelle `league`
--

INSERT INTO `league` (`id`, `name`) VALUES
(1, 'Kreisliga I'),
(2, 'A-Klasse I'),
(3, '1.Bundesliga'),
(4, '2.Bundesliga'),
(5, 'Nationalmannschaft');

-- --------------------------------------------------------

--
-- Tabellenstruktur für Tabelle `possible_answer`
--

CREATE TABLE IF NOT EXISTS `possible_answer` (
  `id` int(11) NOT NULL AUTO_INCREMENT,
  `question_id` int(11) DEFAULT NULL,
  `answer` varchar(255) COLLATE utf8_unicode_ci NOT NULL,
  PRIMARY KEY (`id`),
  KEY `IDX_3D79739D1E27F6BF` (`question_id`)
) ENGINE=InnoDB  DEFAULT CHARSET=utf8 COLLATE=utf8_unicode_ci AUTO_INCREMENT=19 ;

--
-- Daten für Tabelle `possible_answer`
--

INSERT INTO `possible_answer` (`id`, `question_id`, `answer`) VALUES
(1, 8, 'Carlos Ancelotti'),
(2, 8, 'Thomas Tuchel'),
(3, 8, 'Roger Schmidt'),
(4, 8, 'Peter Stöger'),
(5, 8, 'Julian Nagelsmann'),
(6, 8, 'Niko Kovac'),
(7, 8, 'Pal Dardei'),
(8, 8, 'Andre Schubert'),
(9, 8, 'Christan Streich'),
(10, 8, 'Ralph Hasenhüttl'),
(11, 8, 'Martin Schmidt'),
(12, 8, 'Bruno Labbadia'),
(13, 8, 'Viktor Skripnik'),
(14, 8, 'Dirk Schuster'),
(15, 8, 'Norbert Meier'),
(16, 8, 'Markus Weinzierl'),
(17, 8, 'Dieter Hecking'),
(18, 8, 'Markus Kauczinski');

-- --------------------------------------------------------

--
-- Tabellenstruktur für Tabelle `question`
--

CREATE TABLE IF NOT EXISTS `question` (
  `id` int(11) NOT NULL AUTO_INCREMENT,
  `type_id` int(11) DEFAULT NULL,
  `question` varchar(255) COLLATE utf8_unicode_ci NOT NULL,
  `correct_answer` varchar(255) COLLATE utf8_unicode_ci DEFAULT NULL,
  PRIMARY KEY (`id`),
  KEY `IDX_B6F7494EC54C8C93` (`type_id`)
) ENGINE=InnoDB  DEFAULT CHARSET=utf8 COLLATE=utf8_unicode_ci AUTO_INCREMENT=38 ;

--
-- Daten für Tabelle `question`
--

INSERT INTO `question` (`id`, `type_id`, `question`, `correct_answer`) VALUES
(1, 1, 'Wer wird Pokalsieger?', NULL),
(2, 1, 'Wer wird Championsleague Sieger?', NULL),
(3, 1, 'Wer wird Top-Torjäger in der Bundesliga?', NULL),
(4, 1, 'Wer wird Meister in Spanien?', NULL),
(5, 1, 'Wer wird Meister in Italien?', NULL),
(6, 1, 'Wer wird Meister in England?', NULL),
(7, 1, 'Wer wird Meister in Frankreich?', NULL),
(8, 2, 'Welcher Bundesliga Trainer wird zuerst entlassen?', 'Viktor Skripnik'),
(9, 7, 'Wie weit kommt Bayern in der CL?', NULL),
(10, 7, 'Wie weit kommt Dortmund in der CL?', NULL),
(11, 7, 'Wie weit kommt Leverkusen in der CL?', NULL),
(12, 7, 'Wie weit kommt Gladbach in der CL?', NULL),
(13, 7, 'Wie weit kommt Mainz in der EL?', NULL),
(14, 7, 'Wie weit kommt Schalke in der EL?', NULL),
(15, 4, 'Wer wird Kreisliga Meister?', NULL),
(16, 6, 'Welchen Platz belegt der FCA I nach der Hinrunde?', NULL),
(17, 6, 'Welchen Platz belegt der FCA I nach der Rückrunde?', NULL),
(18, 1, 'Wer wird Top-Torjäger bei Aich I (Kreisliga)?', NULL),
(19, 5, 'Wer wird A-Klassen Meister?', NULL),
(20, 6, 'Welchen Platz belegt der FCA II nach der Hinrunde?', NULL),
(21, 6, 'Welchen Platz belegt der FCA II nach der Rückrunde?', NULL),
(22, 1, 'Wer wird Top-Torjäger bei Aich II (A-Klasse)?', NULL),
(23, 8, '1.Platz (Meister)', NULL),
(24, 8, '2.Platz (CL)', NULL),
(25, 8, '3.Platz (CL)', NULL),
(26, 8, '4.Platz (Quali)', NULL),
(27, 8, '5.Platz (Europa League)', NULL),
(28, 8, '6.Platz (Europa League)', NULL),
(29, 8, '16.Platz (Relegation)', NULL),
(30, 8, '17.Platz (Abstieg)', NULL),
(31, 8, '18.Platz (Abstieg)', NULL),
(32, 9, '1.Platz (Aufstieg)', NULL),
(33, 9, '2.Platz (Aufstieg)', NULL),
(34, 9, '3.Platz (Relegation)', NULL),
(35, 9, '16.Platz (Relegation)', NULL),
(36, 9, '17.Platz (Abstieg)', NULL),
(37, 9, '18.Platz (Abstieg)', NULL);

-- --------------------------------------------------------

--
-- Tabellenstruktur für Tabelle `question_type`
--

CREATE TABLE IF NOT EXISTS `question_type` (
  `id` int(11) NOT NULL AUTO_INCREMENT,
  `name` varchar(255) COLLATE utf8_unicode_ci NOT NULL,
  PRIMARY KEY (`id`)
) ENGINE=InnoDB  DEFAULT CHARSET=utf8 COLLATE=utf8_unicode_ci AUTO_INCREMENT=10 ;

--
-- Daten für Tabelle `question_type`
--

INSERT INTO `question_type` (`id`, `name`) VALUES
(1, 'OPEN_QUESTION'),
(2, 'SELECTION'),
(3, 'SELECTION_TEAM_BULI'),
(4, 'SELECTION_TEAM_KREISLIGA'),
(5, 'SELECTION_TEAM_AKLASSE'),
(6, 'SELECTION_COUNT'),
(7, 'SELECTION_ROUND'),
(8, 'PLACEMENT_BULI'),
(9, 'PLACEMENT_BULI2');

-- --------------------------------------------------------

--
-- Tabellenstruktur für Tabelle `round`
--

CREATE TABLE IF NOT EXISTS `round` (
  `id` int(11) NOT NULL AUTO_INCREMENT,
  `name` varchar(255) COLLATE utf8_unicode_ci NOT NULL,
  PRIMARY KEY (`id`)
) ENGINE=InnoDB  DEFAULT CHARSET=utf8 COLLATE=utf8_unicode_ci AUTO_INCREMENT=10 ;

--
-- Daten für Tabelle `round`
--

INSERT INTO `round` (`id`, `name`) VALUES
(1, 'nicht qualifiziert'),
(2, 'Erste Runde'),
(3, 'Gruppenphase'),
(4, 'Sechzehntelfinale'),
(5, 'Achtelfinale'),
(6, 'Viertelfinale'),
(7, 'Halbfinale'),
(8, 'Finale'),
(9, 'Sieger');

-- --------------------------------------------------------

--
-- Tabellenstruktur für Tabelle `team`
--

CREATE TABLE IF NOT EXISTS `team` (
  `id` int(11) NOT NULL AUTO_INCREMENT,
  `league_id` int(11) DEFAULT NULL,
  `name` varchar(255) COLLATE utf8_unicode_ci NOT NULL,
  `logoUrl` varchar(255) COLLATE utf8_unicode_ci DEFAULT NULL,
  PRIMARY KEY (`id`),
  KEY `IDX_C4E0A61F58AFC4DE` (`league_id`)
) ENGINE=InnoDB  DEFAULT CHARSET=utf8 COLLATE=utf8_unicode_ci AUTO_INCREMENT=69 ;

--
-- Daten für Tabelle `team`
--

INSERT INTO `team` (`id`, `league_id`, `name`, `logoUrl`) VALUES
(1, 1, 'FC Aich', NULL),
(2, 1, 'Vfl Denklingen', NULL),
(3, 1, 'SC Unterpfaffenhofen', NULL),
(4, 1, 'TSV Peiting', NULL),
(5, 1, 'FC Penzing', NULL),
(6, 1, 'SV Eurasburg-Beuerberg', NULL),
(7, 1, 'TSV Geiselbullach', NULL),
(8, 1, 'VSST Günzelhofen', NULL),
(9, 1, 'SC Gröbenzell', NULL),
(10, 1, 'TSV FFB West', NULL),
(11, 1, 'SV Mammendorf', NULL),
(12, 1, 'SC Oberweikertshofen II', NULL),
(13, 1, 'TSV Bernbeuren', NULL),
(14, 1, 'TSV Altenstadt', NULL),
(15, 2, 'FC Aich II', NULL),
(16, 2, 'FC Penzing II', NULL),
(17, 2, 'SV RW Überacker', NULL),
(18, 2, 'SC Malching', NULL),
(19, 2, 'TSV Türkenfeld', NULL),
(20, 2, 'SC Schöngeising', NULL),
(21, 2, 'TSV Geltendorf', NULL),
(22, 2, 'SV Mammendorf II', NULL),
(23, 2, 'SV Haspelmoor', NULL),
(24, 2, 'TSV Jesenwang', NULL),
(25, 2, 'TSV Aufkirchen', NULL),
(26, 2, 'SV Kottgeisering', NULL),
(27, 3, 'Borussia Dortmund', NULL),
(28, 3, 'Eintracht Frankfurt', NULL),
(29, 3, 'Werder Bremen', NULL),
(30, 3, 'FC Bayern München', NULL),
(31, 3, 'FC Schalke 04', NULL),
(32, 3, 'FC Ingolstadt', NULL),
(33, 3, 'Hertha BSC Berlin', NULL),
(34, 3, 'Hamburger SV', NULL),
(35, 3, '1.FC Köln', NULL),
(36, 3, 'Borussia Mönchengladbach', NULL),
(37, 3, 'FC Augsburg', NULL),
(38, 3, 'TSG 1899 Hoffenheim', NULL),
(39, 3, 'Bayer Leverkusen', NULL),
(40, 3, 'FSV Mainz 05', NULL),
(41, 3, 'Vfl Wolfsburg', NULL),
(42, 3, 'SV Darmstadt 98', NULL),
(43, 3, 'RB Leipzig', NULL),
(44, 3, 'SC Freiburg', NULL),
(45, 4, 'Hannover 96', NULL),
(46, 4, 'Eintracht Braunschweig', NULL),
(47, 4, 'Fortuna Düsseldorf', NULL),
(48, 4, 'Vfl Bochum', NULL),
(49, 4, '1.FC Heidenheim', NULL),
(50, 4, 'Erzgebirge Aue', NULL),
(51, 4, 'VfB Stuttgart', NULL),
(52, 4, 'TSV 1860 München', NULL),
(53, 4, 'SpVgg Greuther Fürth', NULL),
(54, 4, 'Dynamo Dresden', NULL),
(55, 4, '1.FC Nürnberg', NULL),
(56, 4, 'Karlsruher SC', NULL),
(57, 4, '1.FC Union Berlin', NULL),
(58, 4, 'FC Würzburger Kickers', NULL),
(59, 4, 'Armina Bielefeld', NULL),
(60, 4, 'SV Sandhausen', NULL),
(61, 4, '1.FC Kaiserslautern', NULL),
(62, 4, '1.FC St.Pauli', NULL),
(63, 5, 'Deutschland', NULL),
(64, 5, 'Tschechische Rep.', NULL),
(65, 5, 'Nordirland', NULL),
(66, 5, 'San Marino', NULL),
(67, 5, 'Italien', NULL),
(68, 5, 'Aserbaidschan', NULL);

-- --------------------------------------------------------

--
-- Tabellenstruktur für Tabelle `user`
--

CREATE TABLE IF NOT EXISTS `user` (
  `id` int(11) NOT NULL AUTO_INCREMENT,
  `Name` varchar(255) COLLATE utf8_unicode_ci NOT NULL,
  `Email` varchar(255) COLLATE utf8_unicode_ci NOT NULL,
  `complete` tinyint(1) NOT NULL DEFAULT '0',
  `points` int(11) DEFAULT NULL,
  PRIMARY KEY (`id`)
) ENGINE=InnoDB  DEFAULT CHARSET=utf8 COLLATE=utf8_unicode_ci AUTO_INCREMENT=50 ;

--
-- Daten für Tabelle `user`
--

INSERT INTO `user` (`id`, `Name`, `Email`, `complete`, `points`) VALUES
(1, 'Sepp Rembold', 'sepp.rembold@t-online.de', 0, NULL),
(2, 'David fehr', 'davidffb@googlemail.com', 0, NULL),
(3, 'Martin de Jol', 'martindeufel@web.de', 1, 5),
(4, 'rRAMBO', 'sepp.rembold@t-online.de', 0, NULL),
(5, 'Reiner Jahnel', 'reiner.jahnel@fc-aich.de', 1, 5),
(6, 'Renke Hans', 'h.renke@freenet.de', 1, 5),
(7, 'Michael Eberhart', 'michael.eberhart@fc-aich.de', 1, 0),
(8, 'Nico Gärtner', 'nicogaertner@t-online.de', 1, 0),
(9, 'Josef Hutter', 'josef.hutter@merkur.de', 0, NULL),
(10, 'Saga', 'g.selder@t-online.de', 0, NULL),
(11, 'Saga', 'g.selder@t-online.de', 0, NULL),
(12, 'Saga', 'g.selder@t-online.de', 0, NULL),
(13, 'Saga', 'g.selder@t-online.de', 0, NULL),
(14, 'Saga', 'g.selder@t-online.de', 0, NULL),
(15, 'Niewolik Andi', 'andreas.niewolik@web.de', 0, NULL),
(16, 'Thiel Christoph', 'cthiel93@googlemail.com', 1, 7),
(17, 'Friedrich Flo', 'FloFriedah@web.de', 1, 5),
(18, 'Niewolik Petra', 'petra-gjugend@web.de', 1, 5),
(19, 'Rembold Sepp', 'sepp.rembold@t-online.de', 1, 7),
(20, 'Josef Kührer', 'josef.kuehrer@web.de', 1, 7),
(21, 'Stahl Michael', 'michael.stahl@t-online.de', 1, 7),
(22, 'Stahl Julien', 'julien.stahl@gmx.de', 0, NULL),
(23, 'Fehr David', 'davidffb@gmail.com', 1, 9),
(24, 'Kiki', 'kordas@mail.de', 1, 5),
(25, 'Scherer Michi ', 'michi.scherer84@gmail.com', 1, 2),
(26, 'Stahl Julien', 'julien.stahl@gmx.de', 1, 9),
(27, 'SAGA', 'g.selder@t-online.de', 0, NULL),
(28, 'SAGA', 'g.selder@t-online.de', 1, 7),
(29, 'Hell Markus', 'markusnr.1@gmx.de', 1, 5),
(30, 'Mickey', 'MickeySauvant@web.de', 1, 0),
(31, 'Niewolik Andreas', 'andreas.niewolik@web.de', 1, 7),
(32, 'Lankes Fabi', 'fabian.lankes@by.aok.de', 1, 4),
(33, 'Gellrich Andreas', 'andreas.gellrich@t-online.de', 1, 11),
(34, 'Frankl Winni', 'nicht@bekannt.de', 1, 7),
(35, 'Zeller Hias', 'nicht@bekannt.de', 1, 7),
(36, 'Frietinger Hans und Quirin', 'nicht@bekannt.de', 1, 11),
(37, 'Huber Achim', 'nicht@bekannt.de', 1, 7),
(38, 'Maugg Markus', 'nicht@bekannt.de', 1, 11),
(39, 'Lainer Rudi', 'nicht@bekannt.de', 1, 9),
(40, 'Thiel Alex', 'nicht@bekannt.de', 1, 9),
(41, 'Thiel Herbert', 'nicht@bekannt.de', 1, 2),
(42, 'Milde Quirin', 'nicht@bekannt.de', 1, 10),
(43, 'Milde Manuel', 'nicht@bekannt.de', 1, 7),
(44, 'Milde Max', 'nicht@bekannt.de', 1, 10),
(45, 'Eichler Franco', 'nicht@bekannt.de', 1, 0),
(46, 'Nemecek Flo', 'nicht@bekannt.de', 1, 5),
(47, 'Die Kindls', 'nicht@bekannt.de', 1, 7),
(48, 'Lankes Martin', 'nicht@bekannt.de', 1, 2),
(49, 'Lankes W mit Faber S', 'nicht@bekannt.de', 1, 2);

--
-- Constraints der exportierten Tabellen
--

--
-- Constraints der Tabelle `answer`
--
ALTER TABLE `answer`
  ADD CONSTRAINT `FK_DADD4A251E27F6BF` FOREIGN KEY (`question_id`) REFERENCES `question` (`id`),
  ADD CONSTRAINT `FK_DADD4A25A76ED395` FOREIGN KEY (`user_id`) REFERENCES `user` (`id`);

--
-- Constraints der Tabelle `bet`
--
ALTER TABLE `bet`
  ADD CONSTRAINT `FK_FBF0EC9BE48FD905` FOREIGN KEY (`game_Id`) REFERENCES `game` (`id`),
  ADD CONSTRAINT `FK_FBF0EC9BA76ED395` FOREIGN KEY (`user_Id`) REFERENCES `user` (`id`);

--
-- Constraints der Tabelle `game`
--
ALTER TABLE `game`
  ADD CONSTRAINT `FK_232B318C58AFC4DE` FOREIGN KEY (`league_id`) REFERENCES `league` (`id`),
  ADD CONSTRAINT `FK_232B318C69A91CE2` FOREIGN KEY (`guest_team_id`) REFERENCES `team` (`id`),
  ADD CONSTRAINT `FK_232B318C9C4C13F6` FOREIGN KEY (`home_team_id`) REFERENCES `team` (`id`);

--
-- Constraints der Tabelle `possible_answer`
--
ALTER TABLE `possible_answer`
  ADD CONSTRAINT `FK_3D79739D1E27F6BF` FOREIGN KEY (`question_id`) REFERENCES `question` (`id`);

--
-- Constraints der Tabelle `question`
--
ALTER TABLE `question`
  ADD CONSTRAINT `FK_B6F7494EC54C8C93` FOREIGN KEY (`type_id`) REFERENCES `question_type` (`id`);

--
-- Constraints der Tabelle `team`
--
ALTER TABLE `team`
  ADD CONSTRAINT `FK_C4E0A61F58AFC4DE` FOREIGN KEY (`league_id`) REFERENCES `league` (`id`);

/*!40101 SET CHARACTER_SET_CLIENT=@OLD_CHARACTER_SET_CLIENT */;
/*!40101 SET CHARACTER_SET_RESULTS=@OLD_CHARACTER_SET_RESULTS */;
/*!40101 SET COLLATION_CONNECTION=@OLD_COLLATION_CONNECTION */;
